智能淘词,阳**7,★半年付打5折版★,1个月,2013-05-29 09:03:52
智能淘词,九**宝,★半年付打5折版★,6个月,2013-05-29 12:14:04
智能淘词,w**6,★半年付打5折版★,1个月,2013-05-29 19:49:00
智能淘词,阿**3,★半年付打5折版★,1个月,2013-05-29 00:13:41
智能淘词,r**e,★七天无效退款保证★,1个月,2013-05-29 20:52:40
智能淘词,q**7,★半年付打5折版★,1个月,2013-05-29 00:19:23
智能淘词,依**心,★七天无效退款保证★,1个月,2013-05-29 18:39:54
智能淘词,中**网,★半年付打5折版★,6个月,2013-05-29 15:19:32
智能淘词,衣**城,★七天无效退款保证★,1个月,2013-05-29 19:55:20
智能淘词,腾**贴,★七天无效退款保证★,1个月,2013-05-29 10:24:06
智能淘词,茜**琴,★半年付打5折版★,1个月,2013-05-29 18:44:02
智能淘词,w**o,★七天无效退款保证★,1个月,2013-05-29 17:03:31
智能淘词,鑫**居,★七天无效退款保证★,1个月,2013-05-29 09:58:39
智能淘词,f**5,★七天无效退款保证★,1个月,2013-05-29 10:25:02
智能淘词,t**5,★七天无效退款保证★,1个月,2013-05-29 14:42:04
智能淘词,f**5,★半年付打5折版★,1个月,2013-05-29 06:17:53
智能淘词,n**士,★七天无效退款保证★,1个月,2013-05-29 15:43:21
智能淘词,精**铺,★七天无效退款保证★,1个月,2013-05-29 15:32:38
智能淘词,贵**舍,★半年付打5折版★,1个月,2013-05-29 21:00:25
聚灵神,家**店,长尾自动优化版,1个月,2013-05-29 17:02:48
聚灵神,s**0,长尾加重点优化版,1个月,2013-05-29 14:40:16
聚灵神,运**场,长尾自动优化版,3个月,2013-05-29 11:24:18
聚灵神,慕**店,行业自定义(全功能版),3个月,2013-05-29 10:46:08
聚灵神,3**a,长尾自动优化版,3个月,2013-05-29 01:22:09
聚灵神,多**e,长尾自动优化版,3个月,2013-05-29 09:46:57
聚灵神,多**e,手动加自动版,3个月,2013-05-29 11:31:10
聚灵神,v**舍,长尾加重点优化版,1个月,2013-05-29 18:30:42
聚灵神,开**车,行业自定义(全功能版),3个月,2013-05-29 09:18:14
聚灵神,发**8,行业自定义(全功能版),3个月,2013-05-29 15:10:35
聚灵神,特**装,行业自定义(全功能版),3个月,2013-05-29 15:11:41
聚灵神,张**2,长尾自动优化版,3个月,2013-05-29 18:15:51
聚灵神,乐**韵,行业自定义(全功能版),1个月,2013-05-29 15:20:49
聚灵神,奢**8,长尾加重点优化版,1个月,2013-05-29 15:49:26
聚灵神,盛**8,行业自定义(全功能版),3个月,2013-05-29 11:37:23
淘快车,l**7,极速版_单账户,1个月,2013-05-29 16:05:30
淘快车,倾**7,极速版_单账户,3个月,2013-05-29 12:09:19
淘快车,成**8,极速版_单账户,1个月,2013-05-29 17:06:26
淘快车,珍**3,极速版_单账户,1个月,2013-05-29 21:15:19
淘快车,s**6,极速版_单账户,1个月,2013-05-29 11:59:11
淘快车,实**你,极速版_单账户,1个月,2013-05-29 00:06:59
淘快车,l**e,极速版_单账户,1个月,2013-05-29 16:30:22
淘快车,q**t,极速版_单账户,1个月,2013-05-29 23:49:05
淘快车,黄**其,极速版_单账户,1个月,2013-05-29 02:14:26
淘快车,轩**丝,极速版_单账户,1个月,2013-05-29 14:59:22
淘快车,亮**质,极速版_单账户,1个月,2013-05-29 16:28:56
淘快车,l**8,极速版_单账户,1个月,2013-05-29 17:11:53
淘快车,m**9,极速版_单账户,1个月,2013-05-29 21:19:47
淘快车,t**8,极速版_单账户,1个月,2013-05-29 13:21:23
淘快车,曾**姣,极速版_单账户,1个月,2013-05-29 22:28:36
淘快车,treasurelove旗舰店,极速版_单账户,3个月,2013-05-29 10:58:04
淘快车,杰**店,极速版_单账户,3个月,2013-05-29 14:43:05
淘快车,j**3,极速版_单账户,1个月,2013-05-29 19:02:26
淘快车,l**7,极速版_单账户,1个月,2013-05-29 11:30:43
淘快车,真**铺,极速版_单账户,1个月,2013-05-29 23:56:50
淘快车,歐**1,极速版_单账户,1个月,2013-05-29 09:02:34
淘快车,依**店,极速版_单账户,3个月,2013-05-29 09:56:22
淘快车,穷**哥,极速版_单账户,1个月,2013-05-29 20:16:14
淘快车,雕**基,极速版_单账户,1个月,2013-05-29 18:10:55
淘快车,猫**花,极速版_单账户,1个月,2013-05-29 17:29:39
淘快车,a**r,极速版_单账户,1个月,2013-05-29 15:40:12
淘快车,z**7,极速版_单账户,1个月,2013-05-29 01:32:50
淘快车,刘**6,极速版_单账户,1个月,2013-05-29 01:37:59
淘快车,z**i,极速版_单账户,1个月,2013-05-29 21:11:35
淘快车,芭**店,极速版_单账户,1个月,2013-05-29 13:18:44
淘快车,c**0,极速版_单账户,3个月,2013-05-29 20:27:30
淘快车,曼**饰,极速版_单账户,1个月,2013-05-29 11:29:05
淘快车,龙**俱,极速版_单账户,1个月,2013-05-29 00:02:54
淘快车,桑**了,极速版_单账户,1个月,2013-05-29 16:41:28
淘快车,z**3,极速版_单账户,1个月,2013-05-29 13:52:33
淘快车,青**店,极速版_单账户,1个月,2013-05-29 19:52:11
淘快车,裸**代,极速版_单账户,1个月,2013-05-29 17:17:44
淘快车,f**店,极速版_单账户,1个月,2013-05-29 17:42:25
淘快车,淡**装,极速版_单账户,1个月,2013-05-29 17:14:28
淘快车,小**恋,极速版_单账户,1个月,2013-05-29 09:47:04
淘快车,夏**8,极速版_单账户,1个月,2013-05-29 09:53:52
淘快车,c**7,极速版_单账户,1个月,2013-05-29 13:57:02
淘快车,沙**业,极速版_单账户,1个月,2013-05-29 14:40:42
淘快车,c**7,极速版_单账户,1个月,2013-05-29 11:54:09
淘快车,小**燃,极速版_单账户,1个月,2013-05-29 21:23:25
淘快车,衣**1,极速版_单账户,1个月,2013-05-29 02:57:51
淘快车,a**色,极速版_单账户,1个月,2013-05-29 13:56:27
淘快车,凯**店,极速版_单账户,1个月,2013-05-29 15:16:05
淘快车,t**y,极速版_单账户,3个月,2013-05-29 23:12:00
淘快车,b**店,极速版_单账户,1个月,2013-05-29 22:23:11
淘快车,昌**店,极速版_单账户,1个月,2013-05-29 01:22:26
淘快车,r**g,极速版_单账户,1个月,2013-05-29 23:29:58
淘快车,k**x,极速版_单账户,1个月,2013-05-29 14:58:03
淘快车,女**花,极速版_单账户,1个月,2013-05-29 16:40:00
淘快车,华**店,极速版_单账户,1个月,2013-05-29 22:20:48
淘快车,曾**铜,极速版_单账户,1个月,2013-05-29 17:19:57
淘快车,大**扣,极速版_单账户,1个月,2013-05-29 23:16:40
淘快车,信**8,极速版_单账户,1个月,2013-05-29 14:43:19
淘快车,西**冠,极速版_单账户,1个月,2013-05-29 22:55:27
淘快车,大**1,极速版_单账户,1个月,2013-05-29 07:49:50
淘快车,韩舍_依依,极速版_单账户,1个月,2013-05-29 20:53:54
淘快车,b**e,极速版_单账户,1个月,2013-05-29 16:24:04
淘快车,宗**n,极速版_单账户,1个月,2013-05-29 17:20:31
淘快车,a**0,极速版_单账户,1个月,2013-05-29 13:14:49
淘快车,h**p,极速版_单账户,1个月,2013-05-29 11:50:41
淘快车,满**川,极速版_单账户,1个月,2013-05-29 12:26:17
淘快车,微**工,极速版_单账户,1个月,2013-05-29 14:21:43
淘快车,f**i,极速版_单账户,1个月,2013-05-29 00:05:40
淘快车,包**兰,极速版_单账户,1个月,2013-05-29 17:14:27
淘快车,f**x,极速版_单账户,1个月,2013-05-29 23:40:25
淘快车,芳**居,极速版_单账户,1个月,2013-05-29 00:10:20
淘快车,徐**安,极速版_单账户,1个月,2013-05-29 17:44:48
淘快车,l**0,极速版_单账户,1个月,2013-05-29 16:43:20
淘快车,1**路,极速版_单账户,1个月,2013-05-29 14:20:49
麦苗淘词,b**y,免费版,1年,2013-05-29 22:51:57
麦苗淘词,井**恒,免费版,1年,2013-05-29 00:24:30
麦苗淘词,邓**8,免费版,1个月,2013-05-29 00:35:39
麦苗淘词,r**店,免费版,1个月,2013-05-29 08:58:43
麦苗淘词,时尚小镇2010,免费版,1年,2013-05-29 10:57:07
麦苗淘词,何**3,免费版,6个月,2013-05-29 20:55:21
麦苗淘词,静**9,专业版,1个月,2013-05-29 10:49:04
麦苗淘词,w**5,免费版,1个月,2013-05-29 15:48:30
麦苗淘词,a**4,免费版,1年,2013-05-29 15:47:18
麦苗淘词,时**家,免费版,1年,2013-05-29 00:21:21
麦苗淘词,朗**子,免费版,1年,2013-05-29 10:42:48
麦苗淘词,z**0,免费版,1个月,2013-05-29 00:05:37
麦苗淘词,a**j,免费版,3个月,2013-05-29 16:29:13
麦苗淘词,y**l,免费版,1年,2013-05-29 08:33:46
麦苗淘词,芸**人,免费版,1个月,2013-05-29 11:23:22
麦苗淘词,张**营,免费版,1个月,2013-05-29 09:18:42
麦苗淘词,m**9,免费版,1年,2013-05-29 21:18:01
麦苗淘词,钟**韵,专业版,1个月,2013-05-29 21:34:26
麦苗淘词,q**0,免费版,1年,2013-05-29 22:42:57
麦苗淘词,s**y,免费版,1年,2013-05-29 16:51:53
麦苗淘词,z**店,免费版,1年,2013-05-29 15:09:58
麦苗淘词,q**0,免费版,1年,2013-05-29 23:03:50
麦苗淘词,r**0,免费版,6个月,2013-05-29 23:39:54
麦苗淘词,华**店,免费版,1个月,2013-05-29 09:22:15
麦苗淘词,w**2,免费版,1个月,2013-05-29 03:16:27
麦苗淘词,华**店,免费版,1个月,2013-05-29 09:22:32
麦苗淘词,蕃**y,免费版,1年,2013-05-29 23:04:54
麦苗淘词,s**2,免费版,1年,2013-05-29 22:08:54
麦苗淘词,p**8,免费版,1个月,2013-05-29 11:23:30
麦苗淘词,星**族,免费版,1个月,2013-05-29 10:48:22
麦苗淘词,经**具,专业版,1年,2013-05-29 21:38:05
麦苗淘词,d**y,免费版,1年,2013-05-29 23:17:26
麦苗淘词,苍**韬,免费版,1年,2013-05-29 09:02:10
麦苗淘词,z**m,免费版,1年,2013-05-29 19:49:10
麦苗淘词,d**9,免费版,1年,2013-05-29 00:12:40
麦苗淘词,富**店,免费版,1年,2013-05-29 09:44:24
麦苗淘词,手**0,免费版,3个月,2013-05-29 09:10:21
麦苗淘词,成**河,免费版,1个月,2013-05-29 17:18:19
麦苗淘词,亮**得,免费版,1年,2013-05-29 17:41:28
麦苗淘词,创**通,免费版,1年,2013-05-29 23:34:48
麦苗淘词,美**店,免费版,1个月,2013-05-29 16:20:10
麦苗淘词,桂**品,免费版,3个月,2013-05-29 09:31:55
麦苗淘词,萧**9,免费版,3个月,2013-05-29 19:07:44
麦苗淘词,新**屋,免费版,1年,2013-05-29 21:48:58
麦苗淘词,国**包,免费版,1个月,2013-05-29 15:44:13
麦苗淘词,f**3,免费版,1年,2013-05-29 21:32:23
麦苗淘词,张**华,免费版,1年,2013-05-29 15:08:21
麦苗淘词,北**店,免费版,1个月,2013-05-29 13:12:53
麦苗淘词,爱**店,免费版,3个月,2013-05-29 18:56:03
麦苗淘词,宣**尚,免费版,1个月,2013-05-29 20:57:37
麦苗淘词,精**i,免费版,1年,2013-05-29 01:15:32
麦苗淘词,t**3,免费版,1个月,2013-05-29 21:08:03
麦苗淘词,7**城,免费版,3个月,2013-05-29 15:40:29
麦苗淘词,朱**c,免费版,1个月,2013-05-29 18:55:32
麦苗淘词,豪**司,免费版,3个月,2013-05-29 08:14:36
麦苗淘词,l**b,免费版,1年,2013-05-29 14:06:41
麦苗淘词,a**2,免费版,1年,2013-05-29 15:04:29
麦苗淘词,t**6,免费版,1年,2013-05-29 13:55:23
麦苗淘词,艾**酷,免费版,1个月,2013-05-29 23:16:12
麦苗淘词,h**1,免费版,1个月,2013-05-29 20:33:19
麦苗淘词,t**8,免费版,1年,2013-05-29 12:32:26
麦苗淘词,刘**9,免费版,1年,2013-05-29 23:36:19
麦苗淘词,i**y,免费版,1年,2013-05-29 18:34:02
麦苗淘词,c**芳,免费版,3个月,2013-05-29 12:38:49
麦苗淘词,爱**坊,免费版,1年,2013-05-29 23:49:13
麦苗淘词,心**虹,免费版,1年,2013-05-29 09:52:50
麦苗淘词,絮**店,免费版,1年,2013-05-29 17:29:00
麦苗淘词,天**4,免费版,1年,2013-05-29 23:04:37
麦苗淘词,x**1,免费版,1年,2013-05-29 14:22:53
麦苗淘词,徐**店,免费版,1年,2013-05-29 15:14:32
麦苗淘词,w**n,免费版,1个月,2013-05-29 11:12:28
麦苗淘词,yinghuashumakeji,免费版,1个月,2013-05-29 21:52:13
麦苗淘词,手**0,免费版,1个月,2013-05-29 09:04:10
麦苗淘词,小**品,专业版,1个月,2013-05-29 07:53:19
麦苗淘词,丽**丽,免费版,3个月,2013-05-29 18:43:42
麦苗淘词,丘**品,免费版,1个月,2013-05-29 19:57:50
麦苗淘词,黑**流,专业版,1个月,2013-05-29 00:25:51
麦苗淘词,日**臣,免费版,1年,2013-05-29 23:17:57
麦苗淘词,t**1,免费版,1年,2013-05-29 08:18:58
麦苗淘词,广**8,免费版,1年,2013-05-29 18:54:59
麦苗淘词,w**2,免费版,3个月,2013-05-29 21:12:15
麦苗淘词,许**店,免费版,1年,2013-05-29 15:29:40
麦苗淘词,h**2,免费版,3个月,2013-05-29 20:53:44
麦苗淘词,怡**5,专业版,1个月,2013-05-29 17:44:51
麦苗淘词,c**1,免费版,1年,2013-05-29 23:22:48
麦苗淘词,a**t,免费版,1个月,2013-05-29 15:57:44
麦苗淘词,李**7,免费版,1个月,2013-05-29 22:33:04
麦苗淘词,亚**计,免费版,1个月,2013-05-29 12:08:16
麦苗淘词,t**3,免费版,1个月,2013-05-29 17:18:42
麦苗淘词,t**5,免费版,1个月,2013-05-29 23:40:54
麦苗淘词,世**宁,免费版,1个月,2013-05-29 21:38:23
麦苗淘词,c**山,免费版,1年,2013-05-29 22:43:20
麦苗淘词,小**牧,免费版,1个月,2013-05-29 18:38:11
麦苗淘词,h**y,免费版,1年,2013-05-29 07:30:18
麦苗淘词,迈**饰,免费版,1年,2013-05-29 22:37:13
麦苗淘词,呆呆的永恒,免费版,3个月,2013-05-29 14:38:11
麦苗淘词,s**9,免费版,1年,2013-05-29 22:13:22
麦苗淘词,大**6,免费版,1个月,2013-05-29 20:12:16
麦苗淘词,樊**1,免费版,1年,2013-05-29 23:32:24
麦苗淘词,小**月,免费版,1年,2013-05-29 14:32:36
麦苗淘词,t**1,免费版,1年,2013-05-29 00:38:44
麦苗淘词,j**8,免费版,1年,2013-05-29 22:20:46
麦苗淘词,m**2,免费版,1年,2013-05-29 21:33:07
麦苗淘词,睡**纺,免费版,3个月,2013-05-29 15:42:16
麦苗淘词,j**0,专业版,1个月,2013-05-29 12:10:45
麦苗淘词,小**宝,免费版,1年,2013-05-29 21:33:46
麦苗淘词,x**n,免费版,1个月,2013-05-29 09:38:59
麦苗淘词,奇**果,免费版,1年,2013-05-29 13:12:12
麦苗淘词,小**1,免费版,1年,2013-05-29 18:20:20
麦苗淘词,巴**台,免费版,1年,2013-05-29 00:39:36
麦苗淘词,康**疗,免费版,1年,2013-05-29 21:04:03
麦苗淘词,c**1,免费版,1年,2013-05-29 23:12:02
麦苗淘词,迎**y,免费版,1年,2013-05-29 13:14:27
麦苗淘词,优**店,专业版,1个月,2013-05-29 22:58:17
麦苗淘词,海**店,免费版,1个月,2013-05-29 23:45:14
麦苗淘词,新**屋,免费版,1年,2013-05-29 00:40:55
麦苗淘词,梦**阁,免费版,1年,2013-05-29 19:49:03
麦苗淘词,韵**店,免费版,1年,2013-05-29 00:31:40
麦苗淘词,兴**店,免费版,1个月,2013-05-29 12:22:47
麦苗淘词,6**9,免费版,1年,2013-05-29 22:16:14
麦苗淘词,3**铺,免费版,1个月,2013-05-29 02:23:57
麦苗淘词,z**n,免费版,1年,2013-05-29 08:26:14
麦苗淘词,水**1,免费版,1个月,2013-05-29 00:25:56
麦苗淘词,w**o,免费版,1年,2013-05-29 20:59:32
麦苗淘词,米**6,免费版,1个月,2013-05-29 00:39:48
麦苗淘词,d**丽,免费版,1个月,2013-05-29 10:15:41
麦苗淘词,牛**8,免费版,1年,2013-05-29 22:30:37
麦苗淘词,亚**计,免费版,1年,2013-05-29 11:03:17
麦苗淘词,艾**家,免费版,1个月,2013-05-29 11:21:42
麦苗淘词,h**1,免费版,1个月,2013-05-29 15:40:14
麦苗淘词,我**妈,免费版,1年,2013-05-29 09:24:19
麦苗淘词,l**2,免费版,1个月,2013-05-29 13:13:33
麦苗淘词,宇**城,免费版,1年,2013-05-29 08:10:08
麦苗淘词,类**活,免费版,1年,2013-05-29 09:18:01
麦苗淘词,鑫**店,免费版,1年,2013-05-29 14:57:48
麦苗淘词,这**大,免费版,1年,2013-05-29 13:59:50
麦苗淘词,乔**语,免费版,1年,2013-05-29 14:17:25
麦苗淘词,m**8,免费版,1个月,2013-05-29 11:36:31
麦苗淘词,l**6,免费版,1年,2013-05-29 15:32:49
麦苗淘词,c**0,免费版,1年,2013-05-29 14:33:54
麦苗淘词,豹**w,免费版,1年,2013-05-29 15:04:36
麦苗淘词,宁**8,免费版,1个月,2013-05-29 21:44:16
麦苗淘词,z**0,免费版,1个月,2013-05-29 17:29:40
麦苗淘词,北**厂,免费版,1个月,2013-05-29 07:29:50
麦苗淘词,小**5,免费版,3个月,2013-05-29 23:38:24
麦苗淘词,t**7,专业版,1个月,2013-05-29 15:00:49
麦苗淘词,s**0,免费版,1个月,2013-05-29 10:01:57
麦苗淘词,正**店,免费版,1个月,2013-05-29 15:33:07
麦苗淘词,c**0,免费版,1年,2013-05-29 09:02:17
麦苗淘词,y**0,免费版,1年,2013-05-29 08:39:59
麦苗淘词,i**0,免费版,1年,2013-05-29 10:53:11
麦苗淘词,易**琪,免费版,3个月,2013-05-29 18:55:18
麦苗淘词,玫**动,免费版,1年,2013-05-29 09:19:59
麦苗淘词,美家乐铁艺家居,免费版,1年,2013-05-29 18:51:39
麦苗淘词,苏**逸,免费版,1年,2013-05-29 10:11:58
麦苗淘词,手**0,免费版,1年,2013-05-29 09:41:23
麦苗淘词,信**n,免费版,3个月,2013-05-29 12:57:19
麦苗淘词,荣**画,免费版,1年,2013-05-29 08:30:42
麦苗淘词,哎**店,免费版,1个月,2013-05-29 23:36:43
麦苗淘词,t**2,免费版,3个月,2013-05-29 20:04:37
麦苗淘词,q**3,免费版,1年,2013-05-29 19:52:44
麦苗淘词,l**3,免费版,1年,2013-05-29 11:18:56
麦苗淘词,韩**2,免费版,1年,2013-05-29 00:31:33
麦苗淘词,扮**素,免费版,1个月,2013-05-29 09:27:28
麦苗淘词,余**3,免费版,1个月,2013-05-29 08:23:50
麦苗淘词,惠**1,免费版,1年,2013-05-29 23:54:20
麦苗淘词,蔡**彬,免费版,1年,2013-05-29 16:03:42
麦苗淘词,友**月,免费版,1年,2013-05-29 18:05:10
麦苗淘词,j**8,免费版,1个月,2013-05-29 14:47:41
麦苗淘词,r**店,专业版,1个月,2013-05-29 13:44:54
麦苗淘词,c**a,免费版,3个月,2013-05-29 16:01:01
麦苗淘词,哈**品,免费版,1年,2013-05-29 17:11:25
麦苗淘词,心**虹,免费版,1年,2013-05-29 09:55:02
麦苗淘词,衣**管,专业版,1个月,2013-05-29 17:34:29
麦苗淘词,虎啸天空,免费版,1年,2013-05-29 14:48:06
麦苗淘词,q**0,专业版,1个月,2013-05-29 01:12:57
麦苗淘词,c**e,免费版,1个月,2013-05-29 23:15:59
麦苗淘词,h**6,免费版,1年,2013-05-29 23:33:33
麦苗淘词,j**i,专业版,1个月,2013-05-29 08:23:53
麦苗淘词,选**情,免费版,1个月,2013-05-29 10:47:14
麦苗淘词,奥**牛,免费版,1个月,2013-05-29 15:10:26
麦苗淘词,真**待,免费版,1年,2013-05-29 14:58:28
麦苗淘词,亚**计,免费版,6个月,2013-05-29 15:09:19
麦苗淘词,小龙女驾到淼,免费版,1个月,2013-05-29 11:37:48
麦苗淘词,盛**店,免费版,1年,2013-05-29 23:33:55
麦苗淘词,日**店,免费版,1年,2013-05-29 15:21:29
麦苗淘词,iwe123456,免费版,1个月,2013-05-29 14:55:51
麦苗淘词,怡**5,免费版,1个月,2013-05-29 00:06:43
麦苗淘词,我**妈,免费版,1年,2013-05-29 09:25:11
麦苗淘词,美**贝,专业版,1个月,2013-05-29 13:32:40
车神,富**购,全功能高级版,1个月,2013-05-29 00:52:00
车神,衣**盟,全功能高级版,1个月,2013-05-29 10:13:28
车神,巧**店,全功能高级版,1个月,2013-05-29 15:11:55
车神,蕙**饰,全功能高级版,1个月,2013-05-29 07:30:25
车神,m**u,全功能高级版,1个月,2013-05-29 01:03:32
车神,天**馆,全功能高级版,1个月,2013-05-29 21:33:30
车神,islyhan,全功能高级版,1个月,2013-05-29 18:27:57
车神,x**4,全功能高级版,1个月,2013-05-29 11:20:14
车神,文**通,全功能高级版,1个月,2013-05-29 09:39:54
车神,c**u,全功能高级版,1个月,2013-05-29 10:42:53
车神,逆**情,全功能高级版,1个月,2013-05-29 14:40:50
车神,钻**8,全功能高级版,1个月,2013-05-29 21:07:34
车神,天**炮,全功能高级版,1个月,2013-05-29 22:58:15
车神,时**点,全功能高级版,1个月,2013-05-29 22:45:56
车神,将**雨,全功能高级版,1个月,2013-05-29 21:19:30
车神,m**9,全功能高级版,1个月,2013-05-29 13:15:31
车神,m**店,全功能高级版,1个月,2013-05-29 09:49:47
车神,b**2,全功能高级版,1个月,2013-05-29 13:15:14
车神,s**8,全功能高级版,1个月,2013-05-29 14:26:34
车神,淘**店,全功能高级版,1个月,2013-05-29 19:25:15
车神,流**城,全功能高级版,1个月,2013-05-29 23:51:06
车神,汕**技,全功能高级版,1个月,2013-05-29 17:41:25
车神,衣**街,全功能高级版,1个月,2013-05-29 21:27:27
车神,z**7,全功能高级版,1个月,2013-05-29 08:07:18
车神,西**1,全功能高级版,1个月,2013-05-29 17:57:36
车神,天**炮,全功能高级版,1个月,2013-05-29 23:01:04
车神,盛**材,全功能高级版,1个月,2013-05-29 17:42:27
车神,无**4,全功能高级版,1个月,2013-05-29 01:47:56
车神,血**园,全功能高级版,3个月,2013-05-29 13:39:38
车神,s**b,全功能高级版,1个月,2013-05-29 23:52:11
车神,潮**5,全功能高级版,1个月,2013-05-29 18:12:16
车神,双**爽,全功能高级版,1个月,2013-05-29 12:48:31
车神,z**7,全功能高级版,1个月,2013-05-29 08:05:29
车神,杨**官,全功能高级版,1个月,2013-05-29 11:35:20
车神,x**9,全功能高级版,1个月,2013-05-29 13:43:11
车神,h**1,全功能高级版,1个月,2013-05-29 11:17:04
车神,杭**司,全功能高级版,1个月,2013-05-29 15:30:11
车神,a**购,全功能高级版,1个月,2013-05-29 19:33:35
车神,y**0,全功能高级版,1个月,2013-05-29 10:03:33
车神,w**8,全功能高级版,1个月,2013-05-29 09:09:40
车神,雨**3,全功能高级版,1个月,2013-05-29 19:42:37
车神,1**6,全功能高级版,1个月,2013-05-29 15:09:15
车神,兰云彩天,全功能高级版,1个月,2013-05-29 12:43:58
车神,2**g,全功能高级版,1个月,2013-05-29 13:09:14
车神,小**3,全功能高级版,1个月,2013-05-29 13:18:39
车神,流**城,全功能高级版,1个月,2013-05-29 23:50:02
车神,x**b,全功能高级版,1个月,2013-05-29 12:07:02
车神,百**5,全功能高级版,1个月,2013-05-29 15:07:33
车神,h**0,全功能高级版,1个月,2013-05-29 12:44:26
车神,许**h,全功能高级版,1个月,2013-05-29 08:28:50
车神,衣**飘,全功能高级版,1个月,2013-05-29 14:22:25
车神,w**8,全功能高级版,1个月,2013-05-29 16:17:01
车神,森**8,全功能高级版,1个月,2013-05-29 09:47:18
车神,百**店,全功能高级版,1个月,2013-05-29 10:58:54
车神,2**g,全功能高级版,1个月,2013-05-29 17:17:34
车神,我**芳,全功能高级版,1个月,2013-05-29 14:50:14
车神,爱**姐,全功能高级版,1个月,2013-05-29 15:58:35
车神,暴**1,全功能高级版,1个月,2013-05-29 16:52:22
车神,蓉**家,全功能高级版,1个月,2013-05-29 10:01:15
车神,梦**7,全功能高级版,1个月,2013-05-29 22:43:54
车神,梦**7,全功能高级版,1个月,2013-05-29 22:41:29
车神,小**3,全功能高级版,1个月,2013-05-29 13:18:40
车神,龙**店,全功能高级版,1个月,2013-05-29 15:20:56
车神,衣**街,全功能高级版,1个月,2013-05-29 21:29:09
车神,往**风,全功能高级版,1个月,2013-05-29 21:54:02
车神,利**亚,全功能高级版,1个月,2013-05-29 16:01:59
车神,帅**9,全功能高级版,1个月,2013-05-29 10:36:54
车神,从**7,全功能高级版,1个月,2013-05-29 19:51:32
车神,玉**8,全功能高级版,1个月,2013-05-29 16:25:50
车神,布**玛,全功能高级版,1个月,2013-05-29 22:43:12
车神,仁**店,全功能高级版,1个月,2013-05-29 16:49:38
车神,首**模,全功能高级版,1个月,2013-05-29 11:08:03
车神,逆风传情,全功能高级版,1个月,2013-05-29 14:39:42
车神,g**7,全功能高级版,1个月,2013-05-29 22:44:53
车神,天**0,全功能高级版,1个月,2013-05-29 13:24:27
车神,平**店,全功能高级版,1个月,2013-05-29 11:22:04
车神,双**爽,全功能高级版,1个月,2013-05-29 12:50:00
车神,瞳**店,全功能高级版,1个月,2013-05-29 14:56:09
车神,卡**店,全功能高级版,1个月,2013-05-29 16:24:32
车神,q**l,全功能高级版,1个月,2013-05-29 11:37:46
车神,l**8,全功能高级版,1个月,2013-05-29 08:35:33
车神,瞳**店,全功能高级版,1个月,2013-05-29 15:13:35
车神,h**i,全功能高级版,1个月,2013-05-29 09:57:37
车神,z**0,全功能高级版,1个月,2013-05-29 10:46:12
车神,kolds,全功能高级版,1个月,2013-05-29 10:52:12
车神,天**馆,全功能高级版,1个月,2013-05-29 21:34:58
车神,1**6,全功能高级版,1个月,2013-05-29 15:20:12
车神,小**品,全功能高级版,1个月,2013-05-29 00:03:02
车神,w**8,全功能高级版,1个月,2013-05-29 16:18:41
车神,yicheng1201,全功能高级版,1个月,2013-05-29 19:53:47
车神,y**9,全功能高级版,1个月,2013-05-29 23:08:12
车神,爱**姐,全功能高级版,1个月,2013-05-29 15:57:34
车神,玉**8,全功能高级版,1个月,2013-05-29 16:16:20
车神,缀**界,全功能高级版,1个月,2013-05-29 16:08:01
魔镜看看,非**行,默认项目,1个月,2013-05-29 12:26:39
魔镜看看,a**3,默认项目,1个月,2013-05-29 18:14:01
魔镜看看,火**店,默认项目,1个月,2013-05-29 22:15:08
魔镜看看,十**湖,默认项目,1个月,2013-05-29 17:24:03
魔镜看看,游**海,默认项目,1个月,2013-05-29 14:41:41
魔镜看看,佰**店,默认项目,1年,2013-05-29 00:11:14
魔镜看看,m**店,默认项目,3个月,2013-05-29 23:46:02
魔镜看看,w**1,默认项目,1个月,2013-05-29 00:00:14
魔镜看看,云**衣,默认项目,1个月,2013-05-29 19:13:39
魔镜看看,h**a,默认项目,1个月,2013-05-29 11:55:34
魔镜看看,棉**购,默认项目,3个月,2013-05-29 23:51:57
懒人开车,白**8,7天无理由退款承诺,1个月,2013-05-29 23:32:35
懒人开车,b**n,7天无理由退款承诺,3个月,2013-05-29 10:52:13
懒人开车,g**g,7天无理由退款承诺,1个月,2013-05-29 23:49:00
懒人开车,i**g,7天无理由退款承诺,1个月,2013-05-29 20:09:26
懒人开车,lqhw,7天无理由退款承诺,3个月,2013-05-29 19:44:51
懒人开车,o**2,7天无理由退款承诺,1个月,2013-05-29 16:55:17
懒人开车,s**u,7天无理由退款承诺,1个月,2013-05-29 10:44:48
懒人开车,咱**i,7天无理由退款承诺,3个月,2013-05-29 17:57:18
懒人开车,b**8,7天无理由退款承诺,1年,2013-05-29 11:55:04
懒人开车,张**承,7天无理由退款承诺,1个月,2013-05-29 11:39:05
懒人开车,f**s,7天无理由退款承诺,3个月,2013-05-29 12:03:14
懒人开车,s**g,7天无理由退款承诺,3个月,2013-05-29 10:19:03
懒人开车,v**店,7天无理由退款承诺,1个月,2013-05-29 09:29:55
懒人开车,c**t,7天无理由退款承诺,3个月,2013-05-29 16:21:17
懒人开车,湘**发,7天无理由退款承诺,3个月,2013-05-29 21:02:00
懒人开车,林**8,7天无理由退款承诺,3个月,2013-05-29 23:39:51
懒人开车,鹿**理,7天无理由退款承诺,3个月,2013-05-29 08:23:14
懒人开车,j**w,7天无理由退款承诺,3个月,2013-05-29 15:42:42
省油宝,v**7,双引擎版_季度优惠,3个月,2013-05-29 10:19:42
省油宝,时**周,双引擎版_季度优惠,3个月,2013-05-29 01:01:03
省油宝,吉**店,长尾版,3个月,2013-05-29 19:41:26
省油宝,鞋**儿,双引擎版_季度优惠,3个月,2013-05-29 14:09:46
省油宝,雅**店,双引擎版_季度优惠,3个月,2013-05-29 10:52:45
省油宝,t**0,双引擎版,3个月,2013-05-29 10:57:40
省油宝,孤**龙,双引擎版_季度优惠,3个月,2013-05-29 11:02:25
省油宝,小**婴,长尾版,1个月,2013-05-29 20:56:24
省油宝,二**也,长尾版,3个月,2013-05-29 21:18:51
省油宝,v**3,长尾版,3个月,2013-05-29 21:47:26
省油宝,滴**店,长尾版,1个月,2013-05-29 09:33:19
省油宝,许**8,双引擎版_季度优惠,3个月,2013-05-29 17:43:04
省油宝,低**店,长尾版,3个月,2013-05-29 10:18:53
省油宝,钱**0,双引擎版,3个月,2013-05-29 19:34:19
省油宝,饰**点,长尾版,3个月,2013-05-29 11:51:53
省油宝,l**8,双引擎版_季度优惠,3个月,2013-05-29 13:54:29
省油宝,潮**柜,长尾版,1个月,2013-05-29 19:32:22
省油宝,布**巾,双引擎版_季度优惠,3个月,2013-05-29 12:04:05
省油宝,y**8,双引擎版_季度优惠,3个月,2013-05-29 15:33:54
省油宝,w**8,双引擎版_季度优惠,3个月,2013-05-29 10:04:15
省油宝,富**色,长尾版,3个月,2013-05-29 10:37:35
省油宝,n**o,双引擎版_季度优惠,6个月,2013-05-29 12:23:38
省油宝,枫**依,长尾版,3个月,2013-05-29 17:14:16
省油宝,月**阁,双引擎版_季度优惠,3个月,2013-05-29 16:32:17
省油宝,赛**家,长尾版,1个月,2013-05-29 08:50:50
省油宝,玉**衣,长尾版,1个月,2013-05-29 17:43:54
省油宝,依**1,双引擎版_季度优惠,3个月,2013-05-29 10:03:29
省油宝,经**具,双引擎版_利爽嘉年华,3个月,2013-05-29 20:38:10
省油宝,佰**店,双引擎版_利爽嘉年华,3个月,2013-05-29 22:00:25
省油宝,y**8,双引擎版_季度优惠,3个月,2013-05-29 16:25:47
省油宝,s**1,双引擎版,3个月,2013-05-29 10:49:30
省油宝,富**色,双引擎版,3个月,2013-05-29 10:53:05
省油宝,大**城,双引擎版_季度优惠,3个月,2013-05-29 06:35:44
省油宝,w**5,双引擎版_季度优惠,3个月,2013-05-29 10:44:29
省油宝,南**r,双引擎版,3个月,2013-05-29 00:50:46
省油宝,a**3,双引擎版_季度优惠,3个月,2013-05-29 10:54:35
省油宝,d**g,长尾版,1个月,2013-05-29 10:46:45
省油宝,芭**店,双引擎版_季度优惠,3个月,2013-05-29 03:48:08
省油宝,t**0,双引擎版_季度优惠,3个月,2013-05-29 14:58:57
省油宝,星星010612,双引擎版,1个月,2013-05-29 18:18:37
省油宝,钟**5,长尾版,3个月,2013-05-29 22:57:33
省油宝,阿**店,双引擎版_季度优惠,3个月,2013-05-29 09:51:10
省油宝,顺**居,长尾版,3个月,2013-05-29 23:54:55
省油宝,z**y,双引擎版,1个月,2013-05-29 23:53:26
省油宝,淑**店,双引擎版_利爽嘉年华,3个月,2013-05-29 23:15:47
省油宝,c**n,双引擎版,1个月,2013-05-29 18:34:02
省油宝,爱**店,双引擎版_季度优惠,3个月,2013-05-29 09:55:09
省油宝,j**0,长尾版,1个月,2013-05-29 15:50:16
省油宝,巴**念,双引擎版_季度优惠,3个月,2013-05-29 00:48:48
省油宝,温**影,双引擎版_季度优惠,3个月,2013-05-29 19:04:39
省油宝,x**u,双引擎版_季度优惠,3个月,2013-05-29 11:37:12
省油宝,德**计,双引擎版,3个月,2013-05-29 19:24:56
省油宝,l**x,长尾版,3个月,2013-05-29 13:53:07
省油宝,米**号,双引擎版_季度优惠,3个月,2013-05-29 15:50:16
省油宝,j**m,长尾版,3个月,2013-05-29 14:01:57
省油宝,o**o,长尾版,3个月,2013-05-29 21:38:20
省油宝,创**店,双引擎版,3个月,2013-05-29 17:29:32
省油宝,王**1,长尾版,1个月,2013-05-29 14:26:53
省油宝,w**5,长尾版,3个月,2013-05-29 14:43:01
省油宝,c**a,双引擎版,3个月,2013-05-29 12:27:16
省油宝,时**妈,双引擎版_季度优惠,3个月,2013-05-29 05:07:15
省油宝,永**护,长尾版,3个月,2013-05-29 17:35:36
省油宝,p**店,双引擎版_利爽嘉年华,3个月,2013-05-29 22:39:01
省油宝,水**裔,双引擎版_季度优惠,3个月,2013-05-29 14:40:20
省油宝,杰**店,双引擎版_季度优惠,3个月,2013-05-29 16:27:44
省油宝,绅**门,双引擎版_季度优惠,6个月,2013-05-29 16:05:35
省油宝,千**6,双引擎版,1个月,2013-05-29 11:48:12
省油宝,x**s,长尾版,3个月,2013-05-29 22:39:15
省油宝,午**屏,双引擎版_利爽嘉年华,3个月,2013-05-29 23:49:58
省油宝,朱**5,双引擎版,3个月,2013-05-29 18:51:48
省油宝,爱**光,双引擎版,6个月,2013-05-29 21:41:19
省油宝,花**鞋,长尾版,1个月,2013-05-29 09:00:15
省油宝,b**8,双引擎版,6个月,2013-05-29 22:31:10
省油宝,打**炎,双引擎版,3个月,2013-05-29 13:49:26
省油宝,用**7,双引擎版_季度优惠,3个月,2013-05-29 11:33:30
省油宝,驴**包,双引擎版_季度优惠,3个月,2013-05-29 08:05:32
省油宝,g**u,双引擎版,3个月,2013-05-29 16:33:57
省油宝,c**9,长尾版,3个月,2013-05-29 12:21:40
省油宝,f**0,长尾版,3个月,2013-05-29 17:48:18
省油宝,h**3,长尾版,3个月,2013-05-29 22:16:09
省油宝,节**代,长尾版,3个月,2013-05-29 12:33:11
省油宝,流**8,长尾版,3个月,2013-05-29 07:49:38
省油宝,海**9,长尾版,1个月,2013-05-29 23:38:51
省油宝,天**店,长尾版,1个月,2013-05-29 11:16:29
省油宝,w**i,双引擎版_利爽嘉年华,3个月,2013-05-29 22:29:44
省油宝,a**7,双引擎版,1个月,2013-05-29 18:53:59
省油宝,米**6,长尾版,3个月,2013-05-29 10:40:20
省油宝,巧**一,双引擎版,1个月,2013-05-29 16:28:59
省油宝,x**0,双引擎版,1个月,2013-05-29 19:03:44
省油宝,m**8,长尾版,3个月,2013-05-29 12:09:15
省油宝,胖**码,双引擎版_季度优惠,1个月,2013-05-29 11:36:42
省油宝,潘**1,双引擎版,1个月,2013-05-29 18:17:42
省油宝,z**9,双引擎版_利爽嘉年华,3个月,2013-05-29 23:13:32
省油宝,棉**店,双引擎版,3个月,2013-05-29 21:43:17
省油宝,b**2,双引擎版_季度优惠,3个月,2013-05-29 17:52:25
省油宝,咬**朵,长尾版,1个月,2013-05-29 22:26:52
省油宝,t**9,长尾版,3个月,2013-05-29 17:12:57
省油宝,l**呆,双引擎版,3个月,2013-05-29 20:01:43
省油宝,惊**城,双引擎版_季度优惠,3个月,2013-05-29 15:39:03
省油宝,大**店,双引擎版_利爽嘉年华,3个月,2013-05-29 23:10:02
省油宝,w**8,双引擎版_季度优惠,3个月,2013-05-29 10:45:34
省油宝,旅**8,双引擎版,6个月,2013-05-29 11:07:46
省油宝,果**8,长尾版,3个月,2013-05-29 16:17:14
省油宝,l**2,双引擎版_季度优惠,3个月,2013-05-29 12:51:18
省油宝,蚁**9,双引擎版_利爽嘉年华,1个月,2013-05-29 22:27:27
省油宝,左**右,长尾版,3个月,2013-05-29 23:14:09
省油宝,v**l,双引擎版_季度优惠,3个月,2013-05-29 14:07:13
省油宝,c**8,双引擎版,3个月,2013-05-29 10:12:22
省油宝,3**o,双引擎版,3个月,2013-05-29 09:00:55
省油宝,姊**宝,双引擎版,3个月,2013-05-29 17:28:37
省油宝,o**6,长尾版,1个月,2013-05-29 09:05:16
省油宝,相**海,双引擎版_季度优惠,3个月,2013-05-29 17:42:46
省油宝,领**店,长尾版,3个月,2013-05-29 17:15:46
省油宝,缘**翠,双引擎版,3个月,2013-05-29 23:18:46
省油宝,三**0,长尾版,1个月,2013-05-29 17:31:10
省油宝,m**y,双引擎版_季度优惠,3个月,2013-05-29 12:25:20
省油宝,g**4,长尾版,3个月,2013-05-29 18:57:06
省油宝,丝**店,双引擎版_季度优惠,1年,2013-05-29 10:20:11
省油宝,a**j,双引擎版_季度优惠,3个月,2013-05-29 01:15:45
省油宝,donghonghong314,长尾版,1个月,2013-05-29 14:39:22
省油宝,达**码,双引擎版,3个月,2013-05-29 19:13:24
省油宝,诗**店,双引擎版,1个月,2013-05-29 13:38:47
省油宝,r**9,双引擎版_季度优惠,3个月,2013-05-29 13:30:57
省油宝,h**4,双引擎版_季度优惠,3个月,2013-05-29 16:45:37
省油宝,bbl114,双引擎版,3个月,2013-05-29 08:34:41
省油宝,美丽鞋坊2015,双引擎版_利爽嘉年华,3个月,2013-05-29 19:23:37
省油宝,新**1,双引擎版_季度优惠,1个月,2013-05-29 07:18:42
省油宝,k**x,长尾版,3个月,2013-05-29 22:50:36
省油宝,兰**装,长尾版,1个月,2013-05-29 09:57:35
省油宝,和**铺,长尾版,3个月,2013-05-29 12:31:22
省油宝,c**杰,双引擎版_季度优惠,3个月,2013-05-29 01:07:26
省油宝,7**3,双引擎版_季度优惠,3个月,2013-05-29 15:04:53
省油宝,触**l,长尾版,3个月,2013-05-29 13:53:05
省油宝,快**吧,长尾版,3个月,2013-05-29 09:27:38
省油宝,e**0,双引擎版_利爽嘉年华,3个月,2013-05-29 20:02:13
省油宝,淡**2,双引擎版_季度优惠,3个月,2013-05-29 18:50:58
省油宝,梓**居,双引擎版_季度优惠,3个月,2013-05-29 09:51:46
省油宝,婴**店,长尾版,1个月,2013-05-29 08:03:27
省油宝,初**店,双引擎版_季度优惠,3个月,2013-05-29 19:02:31
省油宝,韩**裳,双引擎版_利爽嘉年华,3个月,2013-05-29 22:50:27
省油宝,衣**店,双引擎版,1个月,2013-05-29 11:22:20
省油宝,王**4,双引擎版,3个月,2013-05-29 14:09:14
省油宝,欧**卖,双引擎版_季度优惠,1个月,2013-05-29 17:34:11
省油宝,c**1,长尾版,3个月,2013-05-29 16:06:42
省油宝,s**1,长尾版,3个月,2013-05-29 22:50:00
省油宝,百**店,长尾版,3个月,2013-05-29 09:02:16
省油宝,徐**3,长尾版,3个月,2013-05-29 17:48:51
省油宝,藏**宝,双引擎版_季度优惠,3个月,2013-05-29 16:58:12
省油宝,s**6,双引擎版,3个月,2013-05-29 15:30:36
省油宝,祥**六,双引擎版_季度优惠,3个月,2013-05-29 00:02:14
省油宝,妖**2,长尾版,1个月,2013-05-29 18:40:15
省油宝,古**承,长尾版,1个月,2013-05-29 23:47:37
省油宝,娇**阁,双引擎版,3个月,2013-05-29 09:46:37
省油宝,7**店,长尾版,3个月,2013-05-29 22:44:16
省油宝,新**想,双引擎版_季度优惠,3个月,2013-05-29 16:36:47
省油宝,l**7,双引擎版_季度优惠,3个月,2013-05-29 13:24:56
省油宝,柳**8,长尾版,3个月,2013-05-29 11:11:51
省油宝,蝶**店,双引擎版,3个月,2013-05-29 14:38:55
省油宝,t**c,双引擎版,3个月,2013-05-29 20:51:35
省油宝,匠**厂,双引擎版,1个月,2013-05-29 19:59:17
省油宝,新**屋,长尾版,3个月,2013-05-29 22:20:30
省油宝,m**5,双引擎版_利爽嘉年华,1个月,2013-05-29 22:32:37
省油宝,胖**码,双引擎版_季度优惠,3个月,2013-05-29 11:26:17
省油宝,z**8,长尾版,3个月,2013-05-29 10:00:03
省油宝,航**城,双引擎版_季度优惠,3个月,2013-05-29 17:25:45
省油宝,d**7,双引擎版,3个月,2013-05-29 12:40:42
省油宝,酷**讯,长尾版,3个月,2013-05-29 07:36:00
省油宝,s**8,双引擎版_季度优惠,3个月,2013-05-29 10:12:10
省油宝,酷**装,双引擎版,3个月,2013-05-29 22:29:23
省油宝,半**他,长尾版,3个月,2013-05-29 10:02:02
省油宝,永**8,双引擎版,1个月,2013-05-29 22:18:29
省油宝,海澜姿家,长尾版,3个月,2013-05-29 20:56:47
省油宝,美**店,双引擎版_季度优惠,3个月,2013-05-29 09:44:31
省油宝,姚**都,长尾版,1个月,2013-05-29 17:37:06
省油宝,e**0,长尾版,3个月,2013-05-29 15:44:34
省油宝,南**品,双引擎版,3个月,2013-05-29 17:19:39
省油宝,努**霞,双引擎版_利爽嘉年华,3个月,2013-05-29 23:40:12
省油宝,琳**心,长尾版,1个月,2013-05-29 15:02:08
省油宝,阿**邦,长尾版,3个月,2013-05-29 19:53:47
省油宝,风**角,双引擎版_利爽嘉年华,3个月,2013-05-29 20:38:22
省油宝,抹**卡,双引擎版_季度优惠,3个月,2013-05-29 12:50:33
省油宝,就**岸,长尾版,3个月,2013-05-29 09:35:04
省油宝,堂**店,双引擎版_季度优惠,6个月,2013-05-29 16:19:37
省油宝,巨**司,双引擎版_季度优惠,3个月,2013-05-29 14:49:10
省油宝,d**b,长尾版,3个月,2013-05-29 08:37:55
省油宝,我**妈,双引擎版_季度优惠,3个月,2013-05-29 09:23:17
省油宝,张**8,双引擎版_利爽嘉年华,3个月,2013-05-29 22:34:15
省油宝,卷**叔,长尾版,3个月,2013-05-29 16:40:27
省油宝,超**你,长尾版,3个月,2013-05-29 10:41:52
省油宝,q**7,长尾版,1个月,2013-05-29 15:14:24
省油宝,d**n,双引擎版_季度优惠,3个月,2013-05-29 13:07:23
省油宝,c**涛,长尾版,1个月,2013-05-29 14:07:21
省油宝,雅**店,长尾版,3个月,2013-05-29 09:39:46
省油宝,思**7,双引擎版_季度优惠,3个月,2013-05-29 17:04:01
省油宝,韩**馆,双引擎版_季度优惠,3个月,2013-05-29 08:21:48
省油宝,w**3,长尾版,1个月,2013-05-29 14:38:18
省油宝,w**a,长尾版,1年,2013-05-29 18:18:41
省油宝,只**1,双引擎版,3个月,2013-05-29 21:10:46
省油宝,利**饰,双引擎版_季度优惠,1个月,2013-05-29 14:02:33
省油宝,领**外,双引擎版_季度优惠,3个月,2013-05-29 15:33:24
省油宝,w**0,双引擎版_利爽嘉年华,3个月,2013-05-29 23:43:51
省油宝,金**飾,双引擎版_季度优惠,3个月,2013-05-29 18:57:38
省油宝,莉**阁,双引擎版_季度优惠,3个月,2013-05-29 14:00:56
省油宝,海**饰,长尾版,1个月,2013-05-29 10:12:58
省油宝,t**8,双引擎版,1个月,2013-05-29 09:31:06
省油宝,凄**路,双引擎版,3个月,2013-05-29 14:25:18
省油宝,全**感,长尾版,1个月,2013-05-29 18:54:36
省油宝,岛**6,双引擎版_季度优惠,3个月,2013-05-29 11:06:48
省油宝,快**吧,长尾版,1个月,2013-05-29 19:18:13
省油宝,华**厂,长尾版,3个月,2013-05-29 22:45:20
省油宝,世**士,双引擎版,1个月,2013-05-29 17:04:42
省油宝,j**1,长尾版,1个月,2013-05-29 10:27:22
省油宝,王**6,双引擎版_利爽嘉年华,3个月,2013-05-29 22:23:45
省油宝,韧**铺,双引擎版_季度优惠,1个月,2013-05-29 19:04:31
省油宝,选**情,双引擎版_季度优惠,1个月,2013-05-29 11:00:41
省油宝,鸡**行,双引擎版_季度优惠,3个月,2013-05-29 14:18:13
省油宝,麦**线,双引擎版_季度优惠,3个月,2013-05-29 15:41:38
省油宝,宏**x,长尾版,1个月,2013-05-29 11:40:27
省油宝,淡**铺,长尾版,1个月,2013-05-29 09:41:12
省油宝,郭**7,双引擎版,3个月,2013-05-29 21:38:04
省油宝,h**悦,长尾版,1个月,2013-05-29 14:26:26
省油宝,购**3,长尾版,3个月,2013-05-29 17:52:04
省油宝,办**品,双引擎版_利爽嘉年华,1个月,2013-05-29 20:51:39
省油宝,回**猪,双引擎版_季度优惠,3个月,2013-05-29 12:15:33
省油宝,k**1,双引擎版,3个月,2013-05-29 10:35:59
省油宝,振**司,双引擎版,6个月,2013-05-29 22:29:46
省油宝,小**花,双引擎版,3个月,2013-05-29 12:11:47
省油宝,路**店,双引擎版,6个月,2013-05-29 22:25:03
省油宝,宝**店,双引擎版_季度优惠,3个月,2013-05-29 16:29:36
省油宝,星**0,长尾版,3个月,2013-05-29 15:35:54
省油宝,莱**店,双引擎版_季度优惠,3个月,2013-05-29 13:09:48
省油宝,天**午,双引擎版_季度优惠,3个月,2013-05-29 15:00:26
省油宝,谷**店,双引擎版,1个月,2013-05-29 11:49:00
省油宝,严**荣,长尾版,3个月,2013-05-29 16:17:41
省油宝,雅**6,长尾版,1个月,2013-05-29 00:05:13
省油宝,h**g,双引擎版_季度优惠,1个月,2013-05-29 08:21:48
省油宝,一**9,双引擎版,3个月,2013-05-29 11:16:43
省油宝,h**3,双引擎版_季度优惠,1个月,2013-05-29 12:00:25
省油宝,s**5,双引擎版,3个月,2013-05-29 14:15:13
省油宝,健**店,双引擎版_季度优惠,3个月,2013-05-29 15:30:55
省油宝,一**船,长尾版,3个月,2013-05-29 11:07:52
省油宝,水**1,双引擎版_季度优惠,3个月,2013-05-29 13:19:08
省油宝,山**司,双引擎版_季度优惠,3个月,2013-05-29 07:11:25
省油宝,我**2,双引擎版_季度优惠,3个月,2013-05-29 02:34:16
省油宝,珍**店,双引擎版_季度优惠,3个月,2013-05-29 12:39:26
省油宝,z**4,长尾版,1个月,2013-05-29 09:54:43
省油宝,p**i,双引擎版_季度优惠,3个月,2013-05-29 10:28:12
省油宝,绊**0,双引擎版_季度优惠,3个月,2013-05-29 18:14:54
省油宝,锐**息,长尾版,3个月,2013-05-29 11:52:25
省油宝,真**情,长尾版,3个月,2013-05-29 09:25:57
省油宝,w**5,双引擎版,1个月,2013-05-29 18:43:12
省油宝,r**y,双引擎版_季度优惠,3个月,2013-05-29 13:24:20
省油宝,h**2,长尾版,3个月,2013-05-29 22:18:35
省油宝,福**店,双引擎版_季度优惠,3个月,2013-05-29 15:00:29
省油宝,a**6,长尾版,3个月,2013-05-29 15:12:54
省油宝,宝**1,双引擎版_季度优惠,3个月,2013-05-29 08:58:16
省油宝,伊**雅,长尾版,3个月,2013-05-29 14:25:27
省油宝,德**居,双引擎版_利爽嘉年华,3个月,2013-05-29 21:13:01
省油宝,金鱼507,长尾版,3个月,2013-05-29 22:27:46
省油宝,母**家,双引擎版_季度优惠,3个月,2013-05-29 09:34:03
省油宝,请**控,长尾版,3个月,2013-05-29 14:27:37
省油宝,4**c,双引擎版_季度优惠,3个月,2013-05-29 02:27:48
省油宝,七**装,双引擎版_利爽嘉年华,3个月,2013-05-29 22:30:07
省油宝,林**8,长尾版,3个月,2013-05-29 10:07:33
省油宝,y**6,双引擎版_季度优惠,3个月,2013-05-29 12:01:05
省油宝,艾**装,长尾版,1个月,2013-05-29 22:59:47
省油宝,春**司,双引擎版_季度优惠,3个月,2013-05-29 15:31:33
省油宝,g**店,双引擎版_季度优惠,1个月,2013-05-29 17:33:26
省油宝,各**家,长尾版,1个月,2013-05-29 15:01:52
省油宝,j**1,双引擎版_利爽嘉年华,3个月,2013-05-29 21:09:55
省油宝,绛**霏,双引擎版_季度优惠,3个月,2013-05-29 14:24:59
省油宝,法**6,双引擎版_利爽嘉年华,3个月,2013-05-29 21:00:59
省油宝,s**0,长尾版,3个月,2013-05-29 10:51:04
省油宝,孤**8,长尾版,3个月,2013-05-29 23:09:31
省油宝,a**3,双引擎版,3个月,2013-05-29 21:02:25
省油宝,c**4,长尾版,3个月,2013-05-29 22:59:02
省油宝,春**声,长尾版,1个月,2013-05-29 15:51:17
省油宝,酷**8,长尾版,3个月,2013-05-29 07:29:39
省油宝,d**r,双引擎版,3个月,2013-05-29 23:37:08
省油宝,米**用,双引擎版_季度优惠,3个月,2013-05-29 13:15:29
省油宝,奇**果,双引擎版_季度优惠,3个月,2013-05-29 12:17:51
省油宝,诚信乖乖宝宝,长尾版,1个月,2013-05-29 10:32:01
省油宝,g**店,双引擎版,1个月,2013-05-29 15:27:40
省油宝,w**0,双引擎版_季度优惠,1个月,2013-05-29 17:04:26
省油宝,魔**e,双引擎版_季度优惠,3个月,2013-05-29 00:36:24
省油宝,a**8,长尾版,3个月,2013-05-29 18:39:36
省油宝,淘**想,双引擎版,3个月,2013-05-29 11:49:08
省油宝,若**1,双引擎版_季度优惠,3个月,2013-05-29 15:43:12
省油宝,小**舍,双引擎版,3个月,2013-05-29 20:49:58
省油宝,紫**耶,双引擎版,3个月,2013-05-29 13:40:39
省油宝,环**店,长尾版,3个月,2013-05-29 10:10:50
省油宝,华**育,长尾版,1个月,2013-05-29 18:52:28
省油宝,啤**y,长尾版,3个月,2013-05-29 10:55:12
省油宝,8**a,长尾版,3个月,2013-05-29 16:14:54
好又快,沈**店,软件版【季度优惠】,3个月,2013-05-29 12:05:21
好又快,w**店,软件版【季度优惠】,3个月,2013-05-29 09:39:38
好又快,xw896,软件专业版,1个月,2013-05-29 12:45:09
好又快,皇**卖,软件版【季度优惠】,3个月,2013-05-29 12:10:10
好又快,s**6,软件专业版,1个月,2013-05-29 00:46:00
好又快,b**8,软件版【季度优惠】,3个月,2013-05-29 15:42:33
好又快,杰**店,软件版【季度优惠】,3个月,2013-05-29 10:54:27
好又快,sharon_rain,软件版【季度优惠】,3个月,2013-05-29 15:03:00
好又快,k**0,开车托管版,1个月,2013-05-29 14:06:54
好又快,a**0,软件版【季度优惠】,3个月,2013-05-29 01:01:49
好又快,t**8,软件专业版,1个月,2013-05-29 23:52:52
好又快,紫**店,软件版【季度优惠】,3个月,2013-05-29 11:19:44
好又快,笑**店,软件版【季度优惠】,3个月,2013-05-29 10:12:26
好又快,精品童装直营店,软件版【季度优惠】,3个月,2013-05-29 12:06:18
好又快,新**贝,软件版【季度优惠】,1个月,2013-05-29 17:59:21
好又快,健**贸,软件版【季度优惠】,1个月,2013-05-29 08:52:12
好又快,s**6,开车托管版,1个月,2013-05-29 14:07:13
好又快,o**店,软件版【季度优惠】,3个月,2013-05-29 14:55:53
好又快,欧**业,软件版【季度优惠】,3个月,2013-05-29 22:42:37
好又快,尖**贸,软件版【季度优惠】,3个月,2013-05-29 09:39:58
好又快,舒**店,软件专业版,3个月,2013-05-29 20:22:04
好又快,夏**丽,软件版【季度优惠】,3个月,2013-05-29 17:59:30
好又快,t**1,软件版【季度优惠】,3个月,2013-05-29 10:39:53
好又快,爱**舰,软件专业版,1个月,2013-05-29 04:16:28
好又快,斯**洁,软件版【季度优惠】,3个月,2013-05-29 21:34:44
好又快,开**店,软件专业版,3个月,2013-05-29 11:00:50
好又快,h**0,软件版【季度优惠】,3个月,2013-05-29 14:59:50
智能车手,施**8,季度特惠（全自动版）,1个月,2013-05-29 14:30:51
智能车手,知**1,季度特惠（全自动版）,3个月,2013-05-29 08:05:23
智能车手,三**汇,季度特惠（全自动版）,1个月,2013-05-29 04:07:29
智能车手,b**0,季度特惠（全自动版）,3个月,2013-05-29 14:47:33
智能车手,风**3,季度特惠（全自动版）,1个月,2013-05-29 11:33:04
智能车手,m**1,季度特惠（全自动版）,3个月,2013-05-29 10:12:29
智能车手,哆**屋,季度特惠（全自动版）,1个月,2013-05-29 21:41:42
智能车手,小**0,季度特惠（全自动版）,1个月,2013-05-29 15:51:04
智能车手,l**8,季度特惠（全自动版）,1个月,2013-05-29 10:19:29
智能车手,开心果8343,季度特惠（全自动版）,6个月,2013-05-29 11:33:05
智能车手,l**4,季度特惠（全自动版）,1个月,2013-05-29 18:50:41
智能车手,x**5,季度特惠（全自动版）,3个月,2013-05-29 02:03:58
智能车手,t**4,季度特惠（全自动版）,1个月,2013-05-29 22:01:42
智能车手,鑫**美,季度特惠（全自动版）,1个月,2013-05-29 11:19:40
智能车手,追**1,季度特惠（全自动版）,1个月,2013-05-29 09:36:37
智能车手,秦子人,季度特惠（全自动版）,1个月,2013-05-29 10:58:12
智能车手,易**3,季度特惠（全自动版）,3个月,2013-05-29 10:49:47
智能车手,h**8,季度特惠（全自动版）,1个月,2013-05-29 14:51:23
智能车手,陈**7,季度特惠（全自动版）,1个月,2013-05-29 20:16:27
智能车手,易**社,季度特惠（全自动版）,3个月,2013-05-29 10:27:54
智能车手,我**w,季度特惠（全自动版）,3个月,2013-05-29 21:06:07
智能车手,甜**1,季度特惠（全自动版）,1个月,2013-05-29 10:26:11
智能车手,谷**店,季度特惠（全自动版）,1个月,2013-05-29 23:19:39
智能车手,雨**8,季度特惠（全自动版）,1个月,2013-05-29 08:42:37
智能车手,千**0,季度特惠（全自动版）,1个月,2013-05-29 11:51:39
智能车手,d**0,季度特惠（全自动版）,1个月,2013-05-29 21:52:40
智能车手,x**2,季度特惠（全自动版）,1个月,2013-05-29 15:03:44
智能车手,腾**贴,季度特惠（全自动版）,1个月,2013-05-29 10:27:36
智能车手,真**站,季度特惠（全自动版）,1个月,2013-05-29 09:38:31
智能车手,qianchaowo33,季度特惠（全自动版）,1个月,2013-05-29 08:02:13
智能车手,王慧528,季度特惠（全自动版）,1个月,2013-05-29 12:53:46
智能车手,w**8,季度特惠（全自动版）,1个月,2013-05-29 21:44:36
智能车手,淘**爱,季度特惠（全自动版）,1个月,2013-05-29 08:52:00
智能车手,廖**0,季度特惠（全自动版）,3个月,2013-05-29 11:15:09
智能车手,玉**青,季度特惠（全自动版）,3个月,2013-05-29 09:28:13
开车精灵,长**迅,全功能高级完整版,1年,2013-05-29 14:53:59
开车精灵,创**店,全功能高级完整版,1个月,2013-05-29 10:37:24
开车精灵,u**店,全功能高级完整版,1个月,2013-05-29 22:34:36
开车精灵,d**8,全功能高级完整版,1个月,2013-05-29 10:22:09
开车精灵,城**贸,全功能高级完整版,1个月,2013-05-29 23:23:40
开车精灵,网**城,全功能高级完整版,3个月,2013-05-29 14:29:06
开车精灵,发**2,订购季度限时优惠,1个月,2013-05-29 14:52:30
开车精灵,沙**2,订购季度限时优惠,3个月,2013-05-29 12:33:16
开车精灵,金**猴,全功能高级完整版,3个月,2013-05-29 08:04:07
开车精灵,合**用,全功能高级完整版,3个月,2013-05-29 15:20:44
开车精灵,诺**店,全功能高级完整版,1个月,2013-05-29 07:47:04
开车精灵,伊**馆,全功能高级完整版,1个月,2013-05-29 16:06:29
开车精灵,l**n,全功能高级完整版,3个月,2013-05-29 23:57:08
开车精灵,果**果,订购季度限时优惠,3个月,2013-05-29 11:21:27
开车精灵,菲**店,全功能高级完整版,3个月,2013-05-29 10:52:39
开车精灵,阿**得,全功能高级完整版,3个月,2013-05-29 07:57:55
开车精灵,y**1,全功能高级完整版,1个月,2013-05-29 14:06:54
开车精灵,爱**0,全功能高级完整版,1个月,2013-05-29 15:52:52
开车精灵,他**3,全功能高级完整版,1个月,2013-05-29 10:17:27
开车精灵,coola20,全功能高级完整版,3个月,2013-05-29 15:55:06
开车精灵,z**1,全功能高级完整版,3个月,2013-05-29 10:28:38
开车精灵,大**坊,全功能高级完整版,1年,2013-05-29 17:09:44
开车精灵,魂**塔,全功能高级完整版,1个月,2013-05-29 10:14:37
开车精灵,茧**卖,全功能高级完整版,1年,2013-05-29 17:05:12
开车精灵,世**一,全功能高级完整版,6个月,2013-05-29 08:55:04
开车精灵,丝**1,全功能高级完整版,1年,2013-05-29 17:15:41
开车精灵,m**6,全功能高级完整版,3个月,2013-05-29 15:22:10
开车精灵,亨**业,全功能高级完整版,1年,2013-05-29 23:42:16
开车精灵,我**d,全功能高级完整版,1年,2013-05-29 09:54:34
开车精灵,l**0,全功能高级完整版,1年,2013-05-29 15:59:12
开车精灵,j**6,全功能高级完整版,6个月,2013-05-29 07:37:50
开车精灵,h**p,全功能高级完整版,1个月,2013-05-29 08:36:57
开车精灵,p**l,全功能高级完整版,6个月,2013-05-29 14:05:26
开车精灵,缘**9,订购季度限时优惠,3个月,2013-05-29 14:25:18
开车精灵,亲**1,全功能高级完整版,1年,2013-05-29 08:50:59
开车精灵,w**2,全功能高级完整版,6个月,2013-05-29 08:43:55
开车精灵,c**0,全功能高级完整版,1个月,2013-05-29 15:59:32
开车精灵,天成电子商务,全功能高级完整版,6个月,2013-05-29 20:29:50
开车精灵,啊**a,全功能高级完整版,3个月,2013-05-29 09:34:19
开车精灵,惜**笑,全功能高级完整版,1个月,2013-05-29 23:23:07
开车精灵,淘**1,订购季度限时优惠,3个月,2013-05-29 08:38:16
开车精灵,祥**店,全功能高级完整版,1年,2013-05-29 20:38:41
开车精灵,w**8,全功能高级完整版,1个月,2013-05-29 22:48:22
开车精灵,子**店,全功能高级完整版,1个月,2013-05-29 14:16:37
开车精灵,绣**店,全功能高级完整版,6个月,2013-05-29 10:13:52
开车精灵,兔**8,全功能高级完整版,1年,2013-05-29 23:49:56
开车精灵,兴**饰,全功能高级完整版,1个月,2013-05-29 16:31:47
开车精灵,f**9,全功能高级完整版,3个月,2013-05-29 13:49:19
开车精灵,飞**宝,全功能高级完整版,1年,2013-05-29 09:59:07
开车精灵,s**0,全功能高级完整版,3个月,2013-05-29 11:45:19
开车精灵,五**丽,订购季度限时优惠,3个月,2013-05-29 15:44:01
开车精灵,麦**店,全功能高级完整版,6个月,2013-05-29 10:13:51
开车精灵,创**店,全功能高级完整版,3个月,2013-05-29 09:50:39
开车精灵,s**店,全功能高级完整版,1年,2013-05-29 11:09:24
开车精灵,杭**饰,全功能高级完整版,6个月,2013-05-29 08:26:01
开车精灵,潮**世,全功能高级完整版,3个月,2013-05-29 10:10:17
开车精灵,i**z,全功能高级完整版,1个月,2013-05-29 11:40:56
开车精灵,大**店,全功能高级完整版,1个月,2013-05-29 00:31:10
开车精灵,h**0,全功能高级完整版,1个月,2013-05-29 19:02:49
开车精灵,赛**店,全功能高级完整版,3个月,2013-05-29 14:58:39
开车精灵,衣**美,全功能高级完整版,6个月,2013-05-29 21:57:04
开车精灵,时**8,全功能高级完整版,1个月,2013-05-29 10:47:17
开车精灵,沐**家,全功能高级完整版,1个月,2013-05-29 14:54:57
开车精灵,小**家,全功能高级完整版,1年,2013-05-29 23:53:23
开车精灵,合**用,全功能高级完整版,1个月,2013-05-29 15:44:12
开车精灵,蜜**店,全功能高级完整版,1个月,2013-05-29 09:39:24
开车精灵,s**r,全功能高级完整版,6个月,2013-05-29 15:13:56
开车精灵,z**g,全功能高级完整版,1个月,2013-05-29 10:12:33
开车精灵,下**店,全功能高级完整版,1个月,2013-05-29 09:48:42
开车精灵,风**馆,全功能高级完整版,3个月,2013-05-29 11:33:17
开车精灵,桂**店,全功能高级完整版,3个月,2013-05-29 23:34:56
开车精灵,x**星,全功能高级完整版,1个月,2013-05-29 10:15:15
开车精灵,f**7,全功能高级完整版,3个月,2013-05-29 10:18:13
开车精灵,阿**洋,全功能高级完整版,1个月,2013-05-29 21:30:33
开车精灵,我**念,全功能高级完整版,1年,2013-05-29 17:18:59
开车精灵,祐**店,全功能高级完整版,3个月,2013-05-29 14:01:27
开车精灵,d**店,全功能高级完整版,6个月,2013-05-29 11:19:00
开车精灵,意**店,全功能高级完整版,1年,2013-05-29 21:35:31
开车精灵,水**备,全功能高级完整版,1个月,2013-05-29 09:50:00
开车精灵,z**e,全功能高级完整版,3个月,2013-05-29 15:56:28
开车精灵,挪**5,全功能高级完整版,1年,2013-05-29 08:39:49
开车精灵,踏**品,全功能高级完整版,3个月,2013-05-29 21:23:13
开车精灵,小**馆,订购季度限时优惠,3个月,2013-05-29 19:17:44
开车精灵,宝**金,全功能高级完整版,1年,2013-05-29 15:35:37
开车精灵,唯**发,全功能高级完整版,1个月,2013-05-29 11:54:31
开车精灵,奴**公,全功能高级完整版,6个月,2013-05-29 17:50:09
开车精灵,坏**秀,全功能高级完整版,6个月,2013-05-29 08:51:14
开车精灵,恬**店,全功能高级完整版,1个月,2013-05-29 09:12:47
开车精灵,东**y,全功能高级完整版,3个月,2013-05-29 16:37:26
开车精灵,胡**杰,全功能高级完整版,6个月,2013-05-29 11:21:47
开车精灵,w**1,订购季度限时优惠,3个月,2013-05-29 23:03:19
开车精灵,b**g,全功能高级完整版,3个月,2013-05-29 12:17:19
开车精灵,太**场,全功能高级完整版,1年,2013-05-29 10:16:24
开车精灵,宝**粉,全功能高级完整版,6个月,2013-05-29 23:26:27
开车精灵,弱**6,全功能高级完整版,3个月,2013-05-29 14:21:40
开车精灵,衣**格,全功能高级完整版,1年,2013-05-29 19:34:29
开车精灵,批**1,全功能高级完整版,3个月,2013-05-29 09:51:16
开车精灵,b**s,全功能高级完整版,1年,2013-05-29 20:14:46
开车精灵,a**3,全功能高级完整版,3个月,2013-05-29 10:48:51
开车精灵,z**3,订购季度限时优惠,3个月,2013-05-29 13:39:48
开车精灵,我**宝,订购季度限时优惠,3个月,2013-05-29 11:38:41
开车精灵,9**宝,全功能高级完整版,1个月,2013-05-29 14:51:50
开车精灵,t**8,全功能高级完整版,1个月,2013-05-29 16:21:19
开车精灵,l**6,全功能高级完整版,1年,2013-05-29 20:33:57
开车精灵,沐**家,全功能高级完整版,1年,2013-05-29 14:49:43
开车精灵,g**店,全功能高级完整版,3个月,2013-05-29 10:41:32
开车精灵,郭**店,全功能高级完整版,1个月,2013-05-29 21:44:40
开车精灵,网**店,全功能高级完整版,3个月,2013-05-29 10:13:25
开车精灵,倩**店,全功能高级完整版,6个月,2013-05-29 09:30:21
开车精灵,奥**店,全功能高级完整版,1年,2013-05-29 00:03:53
开车精灵,y**店,订购季度限时优惠,3个月,2013-05-29 09:58:54
开车精灵,宝**店,订购季度限时优惠,3个月,2013-05-29 10:39:26
开车精灵,z**4,全功能高级完整版,3个月,2013-05-29 13:43:21
开车精灵,青**o,全功能高级完整版,3个月,2013-05-29 10:46:46
开车精灵,喜**6,全功能高级完整版,3个月,2013-05-29 16:31:38
开车精灵,弥**伤,全功能高级完整版,1年,2013-05-29 16:10:04
开车精灵,裴**猫,全功能高级完整版,1年,2013-05-29 18:39:49
开车精灵,时**间,全功能高级完整版,3个月,2013-05-29 09:45:02
开车精灵,华**街,全功能高级完整版,3个月,2013-05-29 15:09:18
开车精灵,j**8,全功能高级完整版,1个月,2013-05-29 13:31:47
开车精灵,s**9,全功能高级完整版,6个月,2013-05-29 08:53:45
开车精灵,凤**下,全功能高级完整版,3个月,2013-05-29 23:42:20
开车精灵,启**店,全功能高级完整版,6个月,2013-05-29 10:14:36
开车精灵,w**i,全功能高级完整版,6个月,2013-05-29 22:21:27
开车精灵,申**店,全功能高级完整版,3个月,2013-05-29 10:34:13
开车精灵,诺**4,全功能高级完整版,3个月,2013-05-29 10:41:00
开车精灵,七**8,全功能高级完整版,1个月,2013-05-29 21:19:06
开车精灵,l**6,全功能高级完整版,3个月,2013-05-29 11:32:27
开车精灵,l**h,全功能高级完整版,1年,2013-05-29 09:45:43
开车精灵,l**1,全功能高级完整版,1个月,2013-05-29 19:54:54
开车精灵,s**店,订购季度限时优惠,3个月,2013-05-29 00:08:58
开车精灵,优**室,全功能高级完整版,3个月,2013-05-29 16:39:42
开车精灵,迅**8,全功能高级完整版,1个月,2013-05-29 15:30:06
开车精灵,真**4,全功能高级完整版,1个月,2013-05-29 23:29:21
开车精灵,f**9,全功能高级完整版,6个月,2013-05-29 10:51:04
开车精灵,朱**6,全功能高级完整版,1个月,2013-05-29 11:24:13
开车精灵,p**n,订购季度限时优惠,3个月,2013-05-29 17:21:13
开车精灵,i**店,全功能高级完整版,1个月,2013-05-29 22:12:45
开车精灵,s**8,全功能高级完整版,1个月,2013-05-29 16:18:33
开车精灵,快**9,全功能高级完整版,3个月,2013-05-29 17:25:17
开车精灵,比**店,全功能高级完整版,1个月,2013-05-29 20:06:02
开车精灵,香**店,全功能高级完整版,1个月,2013-05-29 11:19:41
开车精灵,a**3,全功能高级完整版,1个月,2013-05-29 21:26:16
开车精灵,希**店,全功能高级完整版,1个月,2013-05-29 09:44:35
开车精灵,c**m,全功能高级完整版,3个月,2013-05-29 12:37:11
开车精灵,林**p,全功能高级完整版,3个月,2013-05-29 13:02:53
开车精灵,海**3,全功能高级完整版,3个月,2013-05-29 00:20:54
开车精灵,合**用,全功能高级完整版,1个月,2013-05-29 15:56:14
开车精灵,1**马,全功能高级完整版,3个月,2013-05-29 10:47:50
开车精灵,啊**a,全功能高级完整版,6个月,2013-05-29 09:27:56
开车精灵,玖**柜,全功能高级完整版,1个月,2013-05-29 09:25:46
开车精灵,贵**p,全功能高级完整版,6个月,2013-05-29 08:13:35
开车精灵,桑**店,全功能高级完整版,1个月,2013-05-29 11:28:23
开车精灵,l**4,全功能高级完整版,1个月,2013-05-29 20:47:37
开车精灵,c**9,全功能高级完整版,1年,2013-05-29 21:02:33
开车精灵,a**4,全功能高级完整版,3个月,2013-05-29 12:24:50
开车精灵,华**不,全功能高级完整版,1个月,2013-05-29 16:44:58
开车精灵,z**e,全功能高级完整版,6个月,2013-05-29 15:47:18
开车精灵,景**泥,全功能高级完整版,6个月,2013-05-29 10:57:43
开车精灵,z**n,全功能高级完整版,3个月,2013-05-29 11:04:30
开车精灵,伯**啡,全功能高级完整版,1年,2013-05-29 21:19:38
开车精灵,合**店,全功能高级完整版,1年,2013-05-29 17:20:24
开车精灵,a**r,全功能高级完整版,1个月,2013-05-29 20:29:55
开车精灵,c**店,全功能高级完整版,1个月,2013-05-29 22:35:09
开车精灵,子**宝,全功能高级完整版,3个月,2013-05-29 11:23:39
开车精灵,乐**店,全功能高级完整版,1年,2013-05-29 09:51:41
开车精灵,哈**店,全功能高级完整版,1个月,2013-05-29 17:06:29
开车精灵,亲**r,全功能高级完整版,1个月,2013-05-29 11:25:38
开车精灵,魔**b,全功能高级完整版,3个月,2013-05-29 10:50:35
开车精灵,发**2,订购季度限时优惠,3个月,2013-05-29 14:41:09
开车精灵,f**t,全功能高级完整版,6个月,2013-05-29 12:58:58
开车精灵,缘**9,订购季度限时优惠,1个月,2013-05-29 14:53:08
开车精灵,云**子,全功能高级完整版,6个月,2013-05-29 09:21:03
开车精灵,创**夹,全功能高级完整版,1个月,2013-05-29 19:42:14
开车精灵,x**7,全功能高级完整版,1年,2013-05-29 10:00:20
开车精灵,h**店,全功能高级完整版,3个月,2013-05-29 23:59:49
开车精灵,mottyy,全功能高级完整版,1个月,2013-05-29 23:22:02
开车精灵,y**0,全功能高级完整版,3个月,2013-05-29 20:42:17
开车精灵,d**8,全功能高级完整版,3个月,2013-05-29 01:05:40
开车精灵,s**4,全功能高级完整版,1年,2013-05-29 20:36:43
开车精灵,购**p,全功能高级完整版,1年,2013-05-29 17:12:22
开车精灵,d**8,全功能高级完整版,3个月,2013-05-29 01:05:39
开车精灵,蚂**店,全功能高级完整版,3个月,2013-05-29 10:25:48
开车精灵,淡**涛,全功能高级完整版,6个月,2013-05-29 10:37:23
开车精灵,p**e,全功能高级完整版,6个月,2013-05-29 15:31:59
开车精灵,豪**坊,全功能高级完整版,1个月,2013-05-29 14:33:04
开车精灵,大**美,全功能高级完整版,3个月,2013-05-29 09:40:20
开车精灵,我**念,全功能高级完整版,1个月,2013-05-29 17:27:30
开车精灵,贝**店,全功能高级完整版,3个月,2013-05-29 13:21:53
开车精灵,可**爱,全功能高级完整版,1个月,2013-05-29 08:37:00
开车精灵,b**8,全功能高级完整版,3个月,2013-05-29 11:25:15
开车精灵,玻**子,全功能高级完整版,6个月,2013-05-29 23:18:34
开车精灵,陈**8,全功能高级完整版,1年,2013-05-29 15:38:18
开车精灵,网**城,全功能高级完整版,1个月,2013-05-29 14:32:56
开车精灵,精**6,全功能高级完整版,1个月,2013-05-29 10:19:01
开车精灵,淡**涛,全功能高级完整版,1个月,2013-05-29 10:48:05
开车精灵,质**码,全功能高级完整版,1个月,2013-05-29 17:50:22
开车精灵,p**0,全功能高级完整版,3个月,2013-05-29 22:48:52
开车精灵,金**易,全功能高级完整版,3个月,2013-05-29 11:05:43
开车精灵,静**屋,全功能高级完整版,6个月,2013-05-29 13:53:39
开车精灵,m**6,全功能高级完整版,1个月,2013-05-29 08:53:23
开车精灵,金**场,全功能高级完整版,3个月,2013-05-29 10:13:44
开车精灵,尤**客,全功能高级完整版,1年,2013-05-29 12:06:48
开车精灵,尚**店,全功能高级完整版,1年,2013-05-29 21:20:02
开车精灵,狼**情,全功能高级完整版,1个月,2013-05-29 21:48:41
开车精灵,d**8,全功能高级完整版,3个月,2013-05-29 16:20:13
开车精灵,j**t,全功能高级完整版,1个月,2013-05-29 14:41:03
开车精灵,嘻**子,全功能高级完整版,1年,2013-05-29 16:26:50
开车精灵,阿**洋,全功能高级完整版,1个月,2013-05-29 21:32:52
开车精灵,欧**浴,订购季度限时优惠,3个月,2013-05-29 13:06:55
开车精灵,凡**肤,全功能高级完整版,6个月,2013-05-29 23:30:27
开车精灵,彬**鞋,全功能高级完整版,1个月,2013-05-29 12:58:46
开车精灵,柳**宝,订购季度限时优惠,1个月,2013-05-29 20:38:52
开车精灵,网**店,全功能高级完整版,3个月,2013-05-29 10:16:55
开车精灵,l**g,全功能高级完整版,3个月,2013-05-29 09:31:05
开车精灵,如意糖果甜甜,全功能高级完整版,3个月,2013-05-29 09:14:51
开车精灵,恬**店,全功能高级完整版,1年,2013-05-29 00:32:49
开车精灵,a**7,全功能高级完整版,3个月,2013-05-29 23:42:17
开车精灵,镓**店,全功能高级完整版,6个月,2013-05-29 12:30:39
开车精灵,意**莎,全功能高级完整版,6个月,2013-05-29 08:59:53
开车精灵,佳**家,全功能高级完整版,6个月,2013-05-29 08:16:01
开车精灵,堕**7,全功能高级完整版,1年,2013-05-29 16:03:04
开车精灵,华**不,全功能高级完整版,1个月,2013-05-29 17:39:01
开车精灵,上**贸,全功能高级完整版,3个月,2013-05-29 08:53:00
开车精灵,申**店,全功能高级完整版,3个月,2013-05-29 10:25:12
开车精灵,1**r,全功能高级完整版,1个月,2013-05-29 17:23:56
开车精灵,欧**店,全功能高级完整版,3个月,2013-05-29 12:48:47
开车精灵,缺**店,全功能高级完整版,1个月,2013-05-29 21:44:51
开车精灵,q**4,全功能高级完整版,1个月,2013-05-29 15:38:53
开车精灵,c**5,全功能高级完整版,3个月,2013-05-29 23:08:48
开车精灵,厉**圆,全功能高级完整版,1个月,2013-05-29 20:27:07
开车精灵,泰**店,全功能高级完整版,3个月,2013-05-29 15:41:28
开车精灵,5**人,全功能高级完整版,1个月,2013-05-29 12:06:09
开车精灵,东**店,全功能高级完整版,3个月,2013-05-29 09:03:16
开车精灵,a**1,全功能高级完整版,1年,2013-05-29 14:35:03
开车精灵,l**i,订购项目2,3个月,2013-05-29 15:05:10
开车精灵,厉**圆,全功能高级完整版,1个月,2013-05-29 20:25:27
开车精灵,楚**d,全功能高级完整版,3个月,2013-05-29 12:43:23
开车精灵,乐**装,全功能高级完整版,1个月,2013-05-29 10:05:16
开车精灵,小**慧,全功能高级完整版,6个月,2013-05-29 17:27:39
开车精灵,我**9,全功能高级完整版,6个月,2013-05-29 19:30:09
开车精灵,l**5,全功能高级完整版,1个月,2013-05-29 10:40:56
开车精灵,y**i,全功能高级完整版,1个月,2013-05-29 17:08:38
开车精灵,棒**y,全功能高级完整版,6个月,2013-05-29 15:20:55
开车精灵,开**店,全功能高级完整版,1个月,2013-05-29 10:08:43
开车精灵,j**8,全功能高级完整版,1个月,2013-05-29 14:34:25
开车精灵,绮**店,全功能高级完整版,3个月,2013-05-29 13:01:18
开车精灵,今**店,全功能高级完整版,1个月,2013-05-29 18:48:24
开车精灵,喜**牌,全功能高级完整版,1个月,2013-05-29 22:52:21
开车精灵,a**3,全功能高级完整版,3个月,2013-05-29 21:18:42
开车精灵,开**店,全功能高级完整版,1年,2013-05-29 09:55:27
开车精灵,s**6,全功能高级完整版,1个月,2013-05-29 23:45:06
开车精灵,芬**店,全功能高级完整版,1年,2013-05-29 10:08:01
开车精灵,禹**业,全功能高级完整版,1个月,2013-05-29 15:00:15
开车精灵,x**3,全功能高级完整版,1个月,2013-05-29 15:00:25
开车精灵,燕**8,全功能高级完整版,3个月,2013-05-29 08:07:10
开车精灵,航**转,全功能高级完整版,6个月,2013-05-29 13:22:29
开车精灵,果**果,订购季度限时优惠,1个月,2013-05-29 11:34:12
开车精灵,金**城,全功能高级完整版,3个月,2013-05-29 16:07:49
开车精灵,欧**浴,订购季度限时优惠,1个月,2013-05-29 21:58:03
开车精灵,洪**店,全功能高级完整版,3个月,2013-05-29 16:17:49
开车精灵,梦**娜,全功能高级完整版,1个月,2013-05-29 21:24:22
开车精灵,z**g,全功能高级完整版,1个月,2013-05-29 21:31:39
开车精灵,1**庫,订购季度限时优惠,1个月,2013-05-29 22:08:00
开车精灵,果**8,全功能高级完整版,1个月,2013-05-29 16:41:53
开车精灵,七**8,全功能高级完整版,1个月,2013-05-29 21:20:43
开车精灵,沃**店,全功能高级完整版,1个月,2013-05-29 22:07:46
开车精灵,b**9,全功能高级完整版,6个月,2013-05-29 11:45:07
开车精灵,h**8,全功能高级完整版,1个月,2013-05-29 00:48:25
开车精灵,啊**由,全功能高级完整版,1个月,2013-05-29 08:49:50
开车精灵,伊丽鞋馆,全功能高级完整版,1个月,2013-05-29 16:04:14
开车精灵,p**7,全功能高级完整版,6个月,2013-05-29 11:21:22
开车精灵,l**4,全功能高级完整版,3个月,2013-05-29 20:09:04
开车精灵,菲**店,全功能高级完整版,1个月,2013-05-29 10:57:20
开车精灵,用**话,全功能高级完整版,1年,2013-05-29 23:51:53
开车精灵,时**店,全功能高级完整版,3个月,2013-05-29 13:54:32
开车精灵,z**n,全功能高级完整版,3个月,2013-05-29 11:08:31
开车精灵,m**8,全功能高级完整版,3个月,2013-05-29 10:43:01
开车精灵,唐**络,全功能高级完整版,3个月,2013-05-29 16:11:42
开车精灵,孝**1,全功能高级完整版,1年,2013-05-29 17:07:54
开车精灵,乐**营,全功能高级完整版,1年,2013-05-29 23:58:45
开车精灵,鬼**怕,全功能高级完整版,1年,2013-05-29 15:44:01
开车精灵,u**店,全功能高级完整版,3个月,2013-05-29 22:28:45
开车精灵,w**d,全功能高级完整版,3个月,2013-05-29 13:12:53
开车精灵,x**3,全功能高级完整版,3个月,2013-05-29 14:58:53
开车精灵,浩**店,全功能高级完整版,1个月,2013-05-29 14:14:26
开车精灵,l**8,全功能高级完整版,3个月,2013-05-29 22:00:32
开车精灵,爱**村,全功能高级完整版,3个月,2013-05-29 19:44:33
开车精灵,love唐家少爷,全功能高级完整版,3个月,2013-05-29 13:36:41
开车精灵,蒙**店,全功能高级完整版,1个月,2013-05-29 23:44:55
开车精灵,c**h,全功能高级完整版,1年,2013-05-29 17:14:28
开车精灵,非**果,全功能高级完整版,6个月,2013-05-29 10:45:20
开车精灵,春**店,全功能高级完整版,1个月,2013-05-29 19:37:05
开车精灵,虹**4,全功能高级完整版,3个月,2013-05-29 09:22:08
开车精灵,京**店,全功能高级完整版,3个月,2013-05-29 21:12:06
开车精灵,智**店,全功能高级完整版,1个月,2013-05-29 16:36:34
开车精灵,k**店,全功能高级完整版,1个月,2013-05-29 14:51:37
开车精灵,d**店,全功能高级完整版,3个月,2013-05-29 11:26:40
开车精灵,楚**d,全功能高级完整版,6个月,2013-05-29 12:33:41
开车精灵,贝**弗,全功能高级完整版,6个月,2013-05-29 11:40:06
开车精灵,z**1,全功能高级完整版,6个月,2013-05-29 14:46:28
开车精灵,杭**衣,全功能高级完整版,1个月,2013-05-29 10:56:18
开车精灵,爱**熊,全功能高级完整版,6个月,2013-05-29 10:24:54
开车精灵,丶自然元素,全功能高级完整版,1个月,2013-05-29 17:12:54
开车精灵,b**8,全功能高级完整版,3个月,2013-05-29 11:55:32
开车精灵,t**2,全功能高级完整版,1个月,2013-05-29 23:56:00
开车精灵,桐**8,全功能高级完整版,1年,2013-05-29 08:53:21
开车精灵,青**o,全功能高级完整版,1个月,2013-05-29 11:10:23
开车精灵,g**g,全功能高级完整版,1年,2013-05-29 18:59:48
开车精灵,之悠悠8,全功能高级完整版,3个月,2013-05-29 00:29:31
开车精灵,吴**7,全功能高级完整版,1个月,2013-05-29 15:48:03
开车精灵,广**鞋,全功能高级完整版,1个月,2013-05-29 15:27:46
开车精灵,八**购,全功能高级完整版,1个月,2013-05-29 11:37:17
开车精灵,w**l,全功能高级完整版,6个月,2013-05-29 10:11:30
开车精灵,恒**店,全功能高级完整版,3个月,2013-05-29 10:15:05
开车精灵,z**0,订购季度限时优惠,3个月,2013-05-29 19:39:50
开车精灵,益**年,全功能高级完整版,1年,2013-05-29 16:59:08
开车精灵,漂**分,全功能高级完整版,3个月,2013-05-29 20:02:16
开车精灵,s**8,全功能高级完整版,6个月,2013-05-29 12:25:23
开车精灵,m**8,全功能高级完整版,6个月,2013-05-29 11:02:21
开车精灵,静**店,全功能高级完整版,6个月,2013-05-29 23:12:01
开车精灵,小**馆,订购季度限时优惠,1个月,2013-05-29 19:27:30
开车精灵,派**店,全功能高级完整版,6个月,2013-05-29 08:57:24
开车精灵,蓝**人,全功能高级完整版,1年,2013-05-29 22:12:21
开车精灵,哈**店,全功能高级完整版,1个月,2013-05-29 17:02:12
开车精灵,贝**弗,全功能高级完整版,3个月,2013-05-29 12:06:02
开车精灵,1**e,全功能高级完整版,3个月,2013-05-29 10:18:30
开车精灵,c**h,全功能高级完整版,1个月,2013-05-29 17:23:40
开车精灵,乐**装,全功能高级完整版,1年,2013-05-29 10:03:04
开车精灵,金**猴,全功能高级完整版,1个月,2013-05-29 08:05:35
开车精灵,t**e,全功能高级完整版,6个月,2013-05-29 20:01:54
开车精灵,s**1,全功能高级完整版,1个月,2013-05-29 22:35:12
开车精灵,m**2,全功能高级完整版,3个月,2013-05-29 20:23:49
开车精灵,l**1,全功能高级完整版,1个月,2013-05-29 19:53:07
开车精灵,三**宫,全功能高级完整版,1年,2013-05-29 21:20:15
开车精灵,优**室,全功能高级完整版,3个月,2013-05-29 16:32:37
开车精灵,米**哆,全功能高级完整版,1个月,2013-05-29 18:33:17
开车精灵,艾**店,全功能高级完整版,1个月,2013-05-29 10:21:00
开车精灵,桑**店,全功能高级完整版,1个月,2013-05-29 10:26:55
开车精灵,海**店,全功能高级完整版,1年,2013-05-29 16:11:56
开车精灵,t**8,全功能高级完整版,1个月,2013-05-29 16:14:22
开车精灵,杭**衣,全功能高级完整版,3个月,2013-05-29 10:37:57
开车精灵,love唐家少爷,全功能高级完整版,1个月,2013-05-29 14:37:49
开车精灵,a**8,全功能高级完整版,3个月,2013-05-29 14:19:33
开车精灵,大**佳,全功能高级完整版,1个月,2013-05-29 17:09:18
开车精灵,a**o,全功能高级完整版,6个月,2013-05-29 12:58:17
开车精灵,1**庫,订购季度限时优惠,3个月,2013-05-29 20:40:56
开车精灵,瑜**店,全功能高级完整版,3个月,2013-05-29 15:16:18
开车精灵,陈**8,全功能高级完整版,1个月,2013-05-29 16:22:26
开车精灵,绝**店,全功能高级完整版,1个月,2013-05-29 11:07:49
开车精灵,小**梦,全功能高级完整版,1个月,2013-05-29 11:29:04
开车精灵,t**o,全功能高级完整版,6个月,2013-05-29 10:30:38
开车精灵,唯**8,全功能高级完整版,1个月,2013-05-29 19:59:23
开车精灵,a**0,全功能高级完整版,1个月,2013-05-29 21:13:40
开车精灵,智**店,全功能高级完整版,6个月,2013-05-29 16:32:01
开车精灵,唐**络,全功能高级完整版,6个月,2013-05-29 15:36:18
开车精灵,购**p,全功能高级完整版,1个月,2013-05-29 17:20:44
开车精灵,痞**3,全功能高级完整版,6个月,2013-05-29 17:03:05
开车精灵,培**店,全功能高级完整版,6个月,2013-05-29 11:16:08
开车精灵,绮**店,全功能高级完整版,3个月,2013-05-29 22:14:24
开车精灵,面**下,全功能高级完整版,1年,2013-05-29 16:52:43
开车精灵,如**甜,全功能高级完整版,3个月,2013-05-29 09:22:10
开车精灵,z**1,全功能高级完整版,3个月,2013-05-29 17:04:19
开车精灵,m**e,全功能高级完整版,1个月,2013-05-29 15:14:11
开车精灵,卓**店,全功能高级完整版,1个月,2013-05-29 10:52:30
开车精灵,火**主,全功能高级完整版,6个月,2013-05-29 14:44:14
开车精灵,abc459499707,全功能高级完整版,1个月,2013-05-29 23:46:04
开车精灵,西**乐,全功能高级完整版,6个月,2013-05-29 22:40:19
开车精灵,悦**6,全功能高级完整版,3个月,2013-05-29 17:01:02
开车精灵,d**i,全功能高级完整版,3个月,2013-05-29 17:42:40
开车精灵,莫**7,全功能高级完整版,1个月,2013-05-29 08:07:20
开车精灵,希**店,全功能高级完整版,3个月,2013-05-29 09:41:18
开车精灵,z**7,全功能高级完整版,6个月,2013-05-29 10:23:59
开车精灵,柏**店,全功能高级完整版,3个月,2013-05-29 15:06:06
开车精灵,小**饰,订购季度限时优惠,3个月,2013-05-29 23:09:16
开车精灵,潮**店,全功能高级完整版,3个月,2013-05-29 14:08:28
开车精灵,乐**店,全功能高级完整版,1年,2013-05-29 11:07:54
开车精灵,工**9,全功能高级完整版,1年,2013-05-29 11:02:17
开车精灵,幸**9,全功能高级完整版,1个月,2013-05-29 17:49:20
开车精灵,l**n,全功能高级完整版,1个月,2013-05-29 23:58:38
开车精灵,啊尼哈sey由,全功能高级完整版,3个月,2013-05-29 08:56:26
开车精灵,卓**店,全功能高级完整版,1个月,2013-05-29 10:54:51
开车精灵,暖**堂,全功能高级完整版,1个月,2013-05-29 16:40:06
开车精灵,小**1,全功能高级完整版,3个月,2013-05-29 13:20:24
开车精灵,赵**6,全功能高级完整版,1个月,2013-05-29 23:48:24
开车精灵,g**5,全功能高级完整版,1个月,2013-05-29 21:11:23
开车精灵,h**7,全功能高级完整版,3个月,2013-05-29 12:58:21
开车精灵,时**坊,全功能高级完整版,3个月,2013-05-29 11:40:21
开车精灵,一**屋,全功能高级完整版,1年,2013-05-29 10:15:16
开车精灵,轩**店,全功能高级完整版,3个月,2013-05-29 10:41:42
开车精灵,a**x,全功能高级完整版,3个月,2013-05-29 12:49:37
开车精灵,时**团,全功能高级完整版,1年,2013-05-29 10:22:06
开车精灵,m**店,全功能高级完整版,6个月,2013-05-29 15:01:39
开车精灵,湖**椒,全功能高级完整版,6个月,2013-05-29 16:35:07
开车精灵,l**狐,全功能高级完整版,1年,2013-05-29 10:46:18
开车精灵,q**店,全功能高级完整版,3个月,2013-05-29 11:05:30
开车精灵,喜**珑,全功能高级完整版,1个月,2013-05-29 19:02:54
开车精灵,迅**8,全功能高级完整版,1个月,2013-05-29 15:25:26
开车精灵,衣**0,全功能高级完整版,1个月,2013-05-29 21:39:49
开车精灵,y**8,全功能高级完整版,1个月,2013-05-29 13:52:22
开车精灵,我**易,全功能高级完整版,3个月,2013-05-29 11:10:30
开车精灵,p**n,订购季度限时优惠,3个月,2013-05-29 17:30:24
开车精灵,l**n,全功能高级完整版,1年,2013-05-29 12:02:12
开车精灵,a**0,全功能高级完整版,3个月,2013-05-29 09:53:44
开车精灵,花样童年1999,全功能高级完整版,6个月,2013-05-29 08:50:29
开车精灵,旺**铺,全功能高级完整版,6个月,2013-05-29 09:16:30
开车精灵,2**i,全功能高级完整版,1个月,2013-05-29 12:41:06
开车精灵,调**子,全功能高级完整版,6个月,2013-05-29 09:18:27
开车精灵,么**店,全功能高级完整版,1年,2013-05-29 18:26:24
开车精灵,小**店,全功能高级完整版,6个月,2013-05-29 11:20:21
开车精灵,林**8,全功能高级完整版,1个月,2013-05-29 23:27:44
开车精灵,我**宝,订购季度限时优惠,3个月,2013-05-29 11:47:32
开车精灵,信**店,全功能高级完整版,1个月,2013-05-29 17:17:04
开车精灵,拥**0,全功能高级完整版,1年,2013-05-29 19:20:15
开车精灵,j**9,全功能高级完整版,1年,2013-05-29 23:33:10
开车精灵,l**7,全功能高级完整版,3个月,2013-05-29 15:56:42
开车精灵,一**c,全功能高级完整版,1年,2013-05-29 11:32:27
开车精灵,c**e,全功能高级完整版,1个月,2013-05-29 23:23:48
开车精灵,可**饰,全功能高级完整版,3个月,2013-05-29 15:02:08
开车精灵,香**店,全功能高级完整版,3个月,2013-05-29 11:18:25
开车精灵,流**1,全功能高级完整版,1年,2013-05-29 15:25:18
开车精灵,阡**p,全功能高级完整版,1个月,2013-05-29 11:03:42
开车精灵,p**0,全功能高级完整版,1个月,2013-05-29 22:53:04
开车精灵,手**帝,全功能高级完整版,3个月,2013-05-29 21:04:48
开车精灵,y**7,订购季度限时优惠,3个月,2013-05-29 08:04:33
开车精灵,q**4,全功能高级完整版,3个月,2013-05-29 15:31:13
开车精灵,q**店,全功能高级完整版,1个月,2013-05-29 11:16:41
开车精灵,海**店,全功能高级完整版,3个月,2013-05-29 16:14:21
开车精灵,j**8,全功能高级完整版,3个月,2013-05-29 14:32:22
开车精灵,x**8,全功能高级完整版,3个月,2013-05-29 11:19:11
开车精灵,纳**衣,全功能高级完整版,1个月,2013-05-29 21:17:49
开车精灵,惜**笑,全功能高级完整版,1年,2013-05-29 23:18:15
开车精灵,x**t,全功能高级完整版,3个月,2013-05-29 12:04:32
开车精灵,情**物,全功能高级完整版,6个月,2013-05-29 11:32:37
开车精灵,哈**哨,全功能高级完整版,1年,2013-05-29 22:24:19
开车精灵,乐**店,全功能高级完整版,3个月,2013-05-29 16:36:22
开车精灵,兴**饰,全功能高级完整版,1个月,2013-05-29 21:08:33
开车精灵,章**店,全功能高级完整版,6个月,2013-05-29 14:20:03
开车精灵,坐**轩,全功能高级完整版,3个月,2013-05-29 09:56:46
开车精灵,小**店,全功能高级完整版,1年,2013-05-29 06:40:14
开车精灵,上**贸,全功能高级完整版,3个月,2013-05-29 08:56:27
开车精灵,凌**发,全功能高级完整版,1个月,2013-05-29 12:19:44
开车精灵,天**校,全功能高级完整版,1年,2013-05-29 15:28:35
开车精灵,j**t,全功能高级完整版,1个月,2013-05-29 14:36:45
开车精灵,汤**山,全功能高级完整版,3个月,2013-05-29 14:28:37
开车精灵,z**5,全功能高级完整版,6个月,2013-05-29 12:28:04
开车精灵,c**1,全功能高级完整版,6个月,2013-05-29 21:02:51
开车精灵,w**2,全功能高级完整版,6个月,2013-05-29 14:37:18
开车精灵,i**店,全功能高级完整版,1个月,2013-05-29 20:52:49
开车精灵,h**3,全功能高级完整版,3个月,2013-05-29 09:36:21
开车精灵,c**c,全功能高级完整版,1年,2013-05-29 10:53:56
开车精灵,x**l,全功能高级完整版,1个月,2013-05-29 20:47:27
开车精灵,a**0,全功能高级完整版,1个月,2013-05-29 21:12:37
开车精灵,益**品,全功能高级完整版,1年,2013-05-29 17:02:52
开车精灵,比**店,全功能高级完整版,3个月,2013-05-29 19:58:17
开车精灵,嬉**妃,全功能高级完整版,1个月,2013-05-29 11:43:41
开车精灵,j**9,全功能高级完整版,6个月,2013-05-29 15:31:09
开车精灵,火**0,全功能高级完整版,6个月,2013-05-29 19:03:10
开车精灵,得**店,全功能高级完整版,1年,2013-05-29 15:18:52
开车精灵,韩**店,全功能高级完整版,3个月,2013-05-29 12:05:50
开车精灵,f**u,全功能高级完整版,1个月,2013-05-29 10:16:18
开车精灵,百**店,全功能高级完整版,3个月,2013-05-29 10:10:26
开车精灵,视**乖,全功能高级完整版,1个月,2013-05-29 22:25:14
开车精灵,我**宝,全功能高级完整版,1年,2013-05-29 11:52:14
开车精灵,l**i,订购项目2,3个月,2013-05-29 14:54:50
开车精灵,周**7,全功能高级完整版,1年,2013-05-29 09:18:21
开车精灵,拥**0,全功能高级完整版,1个月,2013-05-29 19:32:45
开车精灵,丹**8,全功能高级完整版,3个月,2013-05-29 23:08:05
开车精灵,粤**3,全功能高级完整版,1个月,2013-05-29 22:48:53
开车精灵,商**站,全功能高级完整版,3个月,2013-05-29 13:09:25
开车精灵,b**4,全功能高级完整版,1年,2013-05-29 11:35:29
开车精灵,2**i,全功能高级完整版,1个月,2013-05-29 13:14:07
开车精灵,君**店,全功能高级完整版,1年,2013-05-29 13:18:35
开车精灵,潮**装,订购季度限时优惠,3个月,2013-05-29 22:10:19
开车精灵,舒**店,全功能高级完整版,6个月,2013-05-29 22:31:51
开车精灵,金**场,全功能高级完整版,1个月,2013-05-29 10:17:32
开车精灵,y**i,全功能高级完整版,3个月,2013-05-29 17:06:46
开车精灵,c**9,全功能高级完整版,3个月,2013-05-29 10:12:04
开车精灵,明**店,全功能高级完整版,6个月,2013-05-29 10:24:53
开车精灵,利**店,全功能高级完整版,1个月,2013-05-29 14:11:58
开车精灵,d**店,全功能高级完整版,6个月,2013-05-29 15:49:32
开车精灵,i**z,全功能高级完整版,1个月,2013-05-29 10:32:29
开车精灵,m**6,全功能高级完整版,1个月,2013-05-29 08:50:52
开车精灵,h**9,全功能高级完整版,1个月,2013-05-29 13:25:38
开车精灵,今**店,全功能高级完整版,1个月,2013-05-29 18:54:25
开车精灵,沃**店,全功能高级完整版,3个月,2013-05-29 21:31:58
开车精灵,质**码,全功能高级完整版,1个月,2013-05-29 17:55:51
开车精灵,艾**店,全功能高级完整版,1个月,2013-05-29 10:17:42
开车精灵,s**标,全功能高级完整版,1个月,2013-05-29 22:17:33
开车精灵,h**7,全功能高级完整版,3个月,2013-05-29 12:52:46
开车精灵,白**默,全功能高级完整版,6个月,2013-05-29 16:54:47
开车精灵,小**0,全功能高级完整版,1年,2013-05-29 20:17:21
开车精灵,嬉**妃,全功能高级完整版,1个月,2013-05-29 11:45:30
开车精灵,罗**店,订购季度限时优惠,3个月,2013-05-29 12:19:24
开车精灵,睡**9,全功能高级完整版,3个月,2013-05-29 11:29:37
开车精灵,一**家,全功能高级完整版,6个月,2013-05-29 15:46:21
开车精灵,z**3,全功能高级完整版,1个月,2013-05-29 10:08:54
开车精灵,w**9,全功能高级完整版,1个月,2013-05-29 13:08:02
开车精灵,利**店,全功能高级完整版,1个月,2013-05-29 14:09:04
开车精灵,信**店,全功能高级完整版,1个月,2013-05-29 17:18:52
开车精灵,盛**店,全功能高级完整版,1年,2013-05-29 08:08:32
开车精灵,纳**衣,全功能高级完整版,3个月,2013-05-29 20:28:00
开车精灵,瑜**店,全功能高级完整版,1年,2013-05-29 15:05:13
开车精灵,a**8,订购季度限时优惠,3个月,2013-05-29 11:25:34
开车精灵,x**8,全功能高级完整版,1个月,2013-05-29 11:29:31
开车精灵,逸**l,全功能高级完整版,3个月,2013-05-29 14:01:17
开车精灵,衣**3,全功能高级完整版,3个月,2013-05-29 09:16:32
开车精灵,l**0,全功能高级完整版,3个月,2013-05-29 09:19:26
开车精灵,宝**柜,全功能高级完整版,3个月,2013-05-29 16:50:35
开车精灵,彩**店,全功能高级完整版,6个月,2013-05-29 11:19:07
大麦优驾,鞋**1,自动化低价引流版,1个月,2013-05-29 15:42:57
大麦优驾,大爱时代,重点宝贝托管版(特惠),1个月,2013-05-29 13:16:40
大麦优驾,z**柜,自动化低价引流版,1个月,2013-05-29 11:23:04
大麦优驾,江**店,重点宝贝托管版(特惠),1个月,2013-05-29 12:39:31
大麦优驾,珍**店,重点宝贝托管版(特惠),1个月,2013-05-29 02:32:18
大麦优驾,烧**翁,重点宝贝托管版(特惠),3个月,2013-05-29 22:32:19
大麦优驾,北**三,自动化低价引流版,1个月,2013-05-29 14:25:06
大麦优驾,我**9,人机结合高级版,1个月,2013-05-29 10:53:12
大麦优驾,淘**店,重点宝贝托管版(特惠),3个月,2013-05-29 23:30:19
大麦优驾,童**事,重点宝贝托管版(特惠),1个月,2013-05-29 15:04:50
大麦优驾,张**5,自动化低价引流版,3个月,2013-05-29 12:21:02
大麦优驾,哆**屋,重点宝贝托管版(特惠),1个月,2013-05-29 22:34:42
大麦优驾,男**空,自动化低价引流版,3个月,2013-05-29 10:29:33
大麦优驾,可**儿,重点宝贝托管版(特惠),1个月,2013-05-29 18:13:51
大麦优驾,j**8,重点宝贝托管版(特惠),1个月,2013-05-29 12:10:19
大麦优驾,沪**都,自动化低价引流版,1个月,2013-05-29 22:00:23
大麦优驾,z**柜,自动化低价引流版,1个月,2013-05-29 11:29:08
大麦优驾,d**2,重点宝贝托管版(特惠),1个月,2013-05-29 14:20:58
大麦优驾,时**2,自动化低价引流版,1个月,2013-05-29 13:52:09
大麦优驾,迈**饰,重点宝贝托管版(特惠),1个月,2013-05-29 19:18:58
大麦优驾,张**令,自动化低价引流版,3个月,2013-05-29 00:27:28
大麦优驾,鞋**1,重点宝贝托管版(特惠),1个月,2013-05-29 15:53:27
大麦优驾,鞋**1,自动化低价引流版,1个月,2013-05-29 15:43:24
大麦优驾,艾**店,重点宝贝托管版(特惠),1个月,2013-05-29 17:07:42
大麦优驾,a**b,自动化低价引流版,1个月,2013-05-29 14:56:10
大麦优驾,大**馆,重点宝贝托管版(特惠),3个月,2013-05-29 18:21:09
大麦优驾,k**6,重点宝贝托管版(特惠),1个月,2013-05-29 19:39:47
大麦优驾,祥**场,自动化低价引流版,1个月,2013-05-29 12:09:30
大麦优驾,时**2,自动化低价引流版,1个月,2013-05-29 13:55:31
大麦优驾,o**o,重点宝贝托管版(特惠),3个月,2013-05-29 23:35:04
大麦优驾,m**0,自动化低价引流版,3个月,2013-05-29 11:45:34
大麦优驾,d**2,重点宝贝托管版(特惠),1个月,2013-05-29 11:48:58
大麦优驾,珍**流,自动化低价引流版,1个月,2013-05-29 23:49:44
大麦优驾,x**7,自动化低价引流版,1个月,2013-05-29 21:59:41
大麦优驾,q**y,自动化低价引流版,3个月,2013-05-29 22:04:01
大麦优驾,陈**5,自动化低价引流版,1个月,2013-05-29 20:48:21
大麦优驾,依**8,重点宝贝托管版(特惠),3个月,2013-05-29 11:44:55
大麦优驾,红**逊,自动化低价引流版,1个月,2013-05-29 21:40:11
大麦优驾,茉**宝,自动化低价引流版,3个月,2013-05-29 11:27:59
大麦优驾,大**馆,重点宝贝托管版(特惠),1个月,2013-05-29 18:34:28
大麦优驾,大**代,重点宝贝托管版(特惠),3个月,2013-05-29 13:12:04
大麦优驾,古**坊,自动化低价引流版,1个月,2013-05-29 14:04:03
大麦优驾,丹**屋,重点宝贝托管版(特惠),1个月,2013-05-29 18:06:10
大麦优驾,我**5,重点宝贝托管版(特惠),1个月,2013-05-29 14:21:32
大麦优驾,红**逊,自动化低价引流版,1个月,2013-05-29 21:42:06
大麦优驾,南**纺,重点宝贝托管版(特惠),1个月,2013-05-29 14:28:33
大麦优驾,优**装,重点宝贝托管版(特惠),1个月,2013-05-29 12:07:48
大麦优驾,阿**6,重点宝贝托管版(特惠),3个月,2013-05-29 20:05:47
大麦优驾,j**8,重点宝贝托管版(特惠),1个月,2013-05-29 20:53:14
大麦优驾,n**o,自动化低价引流版,1个月,2013-05-29 18:53:35
大麦优驾,夏**y,重点宝贝托管版(特惠),1个月,2013-05-29 23:50:59
大麦优驾,j**8,重点宝贝托管版(特惠),1个月,2013-05-29 20:51:27
大麦优驾,r**4,自动化低价引流版,1个月,2013-05-29 12:15:17
大麦优驾,x**2,重点宝贝托管版(特惠),1个月,2013-05-29 19:03:31
大麦优驾,衣**1,自动化低价引流版,1个月,2013-05-29 20:48:24
大麦优驾,r**4,自动化低价引流版,1个月,2013-05-29 12:21:07
大麦优驾,t**8,自动化低价引流版,3个月,2013-05-29 11:50:21
大麦优驾,水**店,重点宝贝托管版(特惠),1个月,2013-05-29 11:31:04
大麦优驾,g**a,重点宝贝托管版(特惠),1个月,2013-05-29 09:02:29
大麦优驾,香**装,重点宝贝托管版(特惠),3个月,2013-05-29 05:06:52
大麦优驾,g**a,重点宝贝托管版(特惠),3个月,2013-05-29 08:54:10
大麦优驾,张**令,自动化低价引流版,1个月,2013-05-29 00:28:42
大麦优驾,淘**店,重点宝贝托管版(特惠),1个月,2013-05-29 23:31:57
大麦优驾,夏**y,重点宝贝托管版(特惠),3个月,2013-05-29 23:40:23
大麦优驾,n**o,自动化低价引流版,1个月,2013-05-29 19:02:15
大麦优驾,驴**包,重点宝贝托管版(特惠),1个月,2013-05-29 15:16:06
大麦优驾,x**2,重点宝贝托管版(特惠),3个月,2013-05-29 19:03:02
大麦优驾,为**8,自动化低价引流版,1个月,2013-05-29 22:32:36
大麦优驾,飞**店,自动化低价引流版,1个月,2013-05-29 20:06:50
大麦优驾,q**y,自动化低价引流版,1个月,2013-05-29 22:06:08
大麦优驾,先**店,重点宝贝托管版(特惠),6个月,2013-05-29 22:15:19
大麦优驾,水**店,重点宝贝托管版(特惠),1个月,2013-05-29 11:26:18
大麦优驾,苏**特,人机结合高级版,1个月,2013-05-29 18:29:45
大麦优驾,沪**都,自动化低价引流版,3个月,2013-05-29 21:59:41
大麦优驾,阿**6,重点宝贝托管版(特惠),1个月,2013-05-29 20:06:52
大麦优驾,t**3,自动化低价引流版,1个月,2013-05-29 17:18:57
大麦优驾,x**7,自动化低价引流版,3个月,2013-05-29 21:59:03
大麦优驾,衣**1,自动化低价引流版,1个月,2013-05-29 20:47:46
大麦优驾,0**灰,自动化低价引流版,1个月,2013-05-29 13:52:21
大麦优驾,s**y,自动化低价引流版,1个月,2013-05-29 10:09:44
大麦优驾,迈**饰,重点宝贝托管版(特惠),3个月,2013-05-29 18:33:56
大麦优驾,为**1,重点宝贝托管版(特惠),1个月,2013-05-29 00:18:41
大麦优驾,可**儿,重点宝贝托管版(特惠),1个月,2013-05-29 18:07:22
大麦优驾,h**o,自动化低价引流版,1个月,2013-05-29 19:42:56
大麦优驾,古**坊,自动化低价引流版,1个月,2013-05-29 13:59:15
大麦优驾,2**鹏,自动化低价引流版,1个月,2013-05-29 10:40:22
大麦优驾,l**9,自动化低价引流版,1个月,2013-05-29 10:05:26
大麦优驾,依**8,重点宝贝托管版(特惠),1个月,2013-05-29 11:46:06
大麦优驾,k**6,重点宝贝托管版(特惠),1年,2013-05-29 19:38:45
大麦优驾,富**屋,自动化低价引流版,1个月,2013-05-29 15:44:39
大麦优驾,小**子,重点宝贝托管版(特惠),3个月,2013-05-29 20:41:33
大麦优驾,富**屋,自动化低价引流版,1个月,2013-05-29 15:46:34
大麦优驾,忘**前,自动化低价引流版,1个月,2013-05-29 19:25:16
大麦优驾,j**8,重点宝贝托管版(特惠),1个月,2013-05-29 12:00:05
大麦优驾,t**3,自动化低价引流版,1个月,2013-05-29 17:17:21
大麦优驾,o**o,重点宝贝托管版(特惠),1个月,2013-05-29 23:35:36
大麦优驾,t**8,自动化低价引流版,1个月,2013-05-29 11:51:07
大麦优驾,南**纺,重点宝贝托管版(特惠),3个月,2013-05-29 14:27:07
大麦优驾,2**鹏,自动化低价引流版,1个月,2013-05-29 10:39:22
大麦优驾,a**b,自动化低价引流版,3个月,2013-05-29 14:54:58
大麦优驾,为**1,重点宝贝托管版(特惠),3个月,2013-05-29 00:18:09
大麦优驾,哆**屋,重点宝贝托管版(特惠),1个月,2013-05-29 22:35:17
大麦优驾,珍**店,重点宝贝托管版(特惠),1个月,2013-05-29 03:13:47
大麦优驾,k**1,重点宝贝托管版(特惠),1个月,2013-05-29 10:53:29
大麦优驾,z**2,自动化低价引流版,1个月,2013-05-29 19:35:41
大麦优驾,忘**前,自动化低价引流版,1个月,2013-05-29 19:24:16
大麦优驾,m**0,自动化低价引流版,1个月,2013-05-29 11:47:23
大麦优驾,我**5,重点宝贝托管版(特惠),3个月,2013-05-29 14:19:07
大麦优驾,烧**翁,重点宝贝托管版(特惠),1个月,2013-05-29 22:37:21
大麦优驾,k**1,重点宝贝托管版(特惠),3个月,2013-05-29 10:52:51
大麦优驾,珍**流,自动化低价引流版,3个月,2013-05-29 23:48:55
大麦优驾,h**o,自动化低价引流版,3个月,2013-05-29 19:15:21
大麦优驾,凯**8,重点宝贝托管版(特惠),3个月,2013-05-29 10:51:13
大麦优驾,香**装,重点宝贝托管版(特惠),1个月,2013-05-29 05:07:29
大麦优驾,飞**店,自动化低价引流版,1个月,2013-05-29 20:07:59
大麦优驾,s**y,自动化低价引流版,1个月,2013-05-29 10:10:39
大麦优驾,凯**8,重点宝贝托管版(特惠),1个月,2013-05-29 10:52:29
大麦优驾,小**子,重点宝贝托管版(特惠),1个月,2013-05-29 20:42:36
大麦优驾,江**店,重点宝贝托管版(特惠),3个月,2013-05-29 12:38:20
大麦优驾,陈海正_2005,自动化低价引流版,1个月,2013-05-29 20:47:43
大麦优驾,茉**宝,自动化低价引流版,1个月,2013-05-29 11:29:18
大麦优驾,l**9,自动化低价引流版,1个月,2013-05-29 10:06:32
北斗,c**2,专业版季度优惠,3个月,2013-05-29 19:55:20
北斗,x**6,专业版季度优惠,3个月,2013-05-29 21:33:50
北斗,威**店,专业版,3个月,2013-05-29 20:43:27
北斗,梦**伊,专业版季度优惠,3个月,2013-05-29 18:04:42
北斗,小**0,专业版季度优惠,1个月,2013-05-29 11:50:19
北斗,a**a,专业版季度优惠,3个月,2013-05-29 09:02:36
北斗,珍**店,专业版季度优惠,3个月,2013-05-29 14:21:39
北斗,桂**品,专业版季度优惠,3个月,2013-05-29 10:51:05
北斗,朱**1,专业版,3个月,2013-05-29 22:28:51
北斗,环**子,专业版,3个月,2013-05-29 23:17:56
北斗,华**育,专业版,1个月,2013-05-29 18:58:55
北斗,c**b,专业版季度优惠,3个月,2013-05-29 15:06:48
北斗,l**0,专业版,3个月,2013-05-29 17:41:31
北斗,晓**月,专业版季度优惠,1个月,2013-05-29 15:24:33
北斗,d**1,专业版季度优惠,3个月,2013-05-29 16:34:16
北斗,c**8,专业版,1个月,2013-05-29 11:17:32
北斗,欧**卖,专业版季度优惠,3个月,2013-05-29 17:58:56
北斗,适**店,专业版,3个月,2013-05-29 21:32:39
北斗,l**0,专业版季度优惠,3个月,2013-05-29 00:29:54
北斗,l**b,专业版季度优惠,3个月,2013-05-29 15:36:45
北斗,c**一,专业版,3个月,2013-05-29 21:50:52
北斗,m**n,专业版季度优惠,1个月,2013-05-29 18:21:17
北斗,尹**店,专业版季度优惠,3个月,2013-05-29 18:20:05
北斗,美**8,专业版,3个月,2013-05-29 14:16:25
淘快词,l**2,初级版,1个月,2013-05-29 13:50:44
淘快词,d**g,智能版（周年特惠）,3个月,2013-05-29 14:47:22
淘快词,伊**m,初级版,1个月,2013-05-29 13:50:04
淘快词,新**8,初级版,1个月,2013-05-29 20:27:43
淘快词,陈**q,初级版,1个月,2013-05-29 21:39:42
淘快词,c**1,初级版,1个月,2013-05-29 21:20:50
淘快词,霖**包,初级版,1个月,2013-05-29 19:34:21
淘快词,玺**囡,智能版（周年特惠）,3个月,2013-05-29 02:02:29
淘快词,t**9,智能版（周年特惠）,3个月,2013-05-29 15:07:02
淘快词,吱**静,初级版,1个月,2013-05-29 14:06:13
淘快词,肉**大,初级版,1个月,2013-05-29 19:20:10
淘快词,珍**3,初级版,1个月,2013-05-29 21:03:40
淘快词,婧**瑕,智能版（周年特惠）,3个月,2013-05-29 18:34:10
淘快词,z**9,初级版,1个月,2013-05-29 10:48:59
淘快词,穷**哥,初级版,1个月,2013-05-29 19:43:26
淘快词,一**8,初级版,1个月,2013-05-29 10:51:01
淘快词,菲**仔,初级版,1个月,2013-05-29 12:28:31
淘快词,孙**父,智能版（周年特惠）,3个月,2013-05-29 06:42:09
淘快词,北**三,初级版,1个月,2013-05-29 14:12:54
淘快词,女**花,智能版（周年特惠）,3个月,2013-05-29 15:45:29
淘快词,柳**r,智能版（周年特惠）,3个月,2013-05-29 02:20:35
淘快词,m**8,智能版（周年特惠）,3个月,2013-05-29 21:53:59
淘快词,时**家,初级版,1个月,2013-05-29 00:40:28
淘快词,怡**店,初级版,1个月,2013-05-29 21:21:39
淘快词,z**4,初级版,1个月,2013-05-29 20:30:03
疯狂车手,淘**1,自动优化版_按季98元,3个月,2013-05-29 08:52:56
疯狂车手,夏**袋,自动优化版_按季98元,3个月,2013-05-29 10:01:46
疯狂车手,心**贝,自动优化版_按季98元,1个月,2013-05-29 23:58:34
疯狂车手,y**6,自动优化版_按季98元,6个月,2013-05-29 22:26:28
疯狂车手,不**丶,自动优化版_按季98元,1个月,2013-05-29 11:07:00
疯狂车手,邮**3,自动优化版_按季98元,3个月,2013-05-29 09:35:00
疯狂车手,化**司,自动优化版_按季98元,3个月,2013-05-29 11:35:10
开车宝,m**购,标准专业版(季度4折),1个月,2013-05-29 18:59:33
开车宝,博**销,标准专业版(季度4折),1个月,2013-05-29 15:57:36
开车宝,天**尘,标准专业版(季度4折),3个月,2013-05-29 15:00:47
开车宝,不**丶,智能托管版(季度4折),1个月,2013-05-29 10:58:07
开车宝,贝绮丝鞋业,海量淘词版,3个月,2013-05-29 19:14:51
如意快车,y**0,全功能高级版_季付3折,3个月,2013-05-29 10:08:36
如意快车,2**发,自动推广版_季付3折起,3个月,2013-05-29 15:14:16
如意快车,创**店,全功能高级版_季付3折,1年,2013-05-29 17:30:54
如意快车,h**e,自动推广版_季付3折起,1个月,2013-05-29 22:14:29
如意快车,亲**坊,全功能高级版_季付3折,3个月,2013-05-29 11:39:33
如意快车,桃姒亦暖,自动推广版_季付3折起,1个月,2013-05-29 20:16:41
如意快车,步**8,全功能高级版_季付3折,1个月,2013-05-29 23:31:42
如意快车,龙**8,全功能高级版_季付3折,1个月,2013-05-29 17:09:47
如意快车,5**蝶,自动推广版_季付3折起,1个月,2013-05-29 06:12:45
如意快车,凯**8,全功能高级版_季付3折,1个月,2013-05-29 13:34:59
如意快车,f**5,自动推广版_季付3折起,3个月,2013-05-29 07:59:42
如意快车,c**2,手动推广版_季付3折起,1个月,2013-05-29 07:34:02
如意快车,g**1,全功能高级版_季付3折,3个月,2013-05-29 20:00:10
如意快车,z**8,全功能高级版_季付3折,3个月,2013-05-29 16:54:57
如意快车,w**9,全功能高级版_季付3折,3个月,2013-05-29 22:42:08
如意快车,菜**意,自动推广版_季付3折起,1个月,2013-05-29 14:28:22
如意快车,男**店,全功能高级版_季付3折,1个月,2013-05-29 20:44:18
如意快车,梦**店,全功能高级版_季付3折,3个月,2013-05-29 19:02:57
如意快车,英**8,手动推广版_季付3折起,1个月,2013-05-29 16:31:09
如意快车,w**0,自动推广版_季付3折起,3个月,2013-05-29 09:27:19
如意快车,y**8,全功能高级版_季付3折,3个月,2013-05-29 02:24:10
如意快车,乐**8,自动推广版_季付3折起,1个月,2013-05-29 20:54:08
如意快车,乖**宝,自动推广版_季付3折起,3个月,2013-05-29 14:18:38
如意快车,可**屋,手动推广版_季付3折起,1个月,2013-05-29 20:53:59
如意快车,龙**店,手动推广版_季付3折起,1个月,2013-05-29 12:50:55
如意快车,w**3,全功能高级版_季付3折,1个月,2013-05-29 11:46:19
如意快车,w**5,全功能高级版_季付3折,1个月,2013-05-29 22:20:07
如意快车,t**8,全功能高级版_季付3折,1个月,2013-05-29 14:59:19
如意快车,m**7,自动推广版_季付3折起,1个月,2013-05-29 18:13:39
如意快车,s**l,全功能高级版_季付3折,1个月,2013-05-29 16:22:48
如意快车,玫芬琪旗舰店,全功能高级版_季付3折,1年,2013-05-29 13:14:55
智驾宝,芝**7,全能版,3个月,2013-05-29 12:40:54
智驾宝,o**5,全能版,3个月,2013-05-29 20:24:19
智驾宝,h**g,全能版,3个月,2013-05-29 11:03:42
智驾宝,星**饰,全能版,3个月,2013-05-29 10:50:56
智驾宝,v**瑟,全能版,1个月,2013-05-29 10:53:24
智驾宝,康**店,全能版,1个月,2013-05-29 18:49:04
智驾宝,柏**硕,全能版,1个月,2013-05-29 20:58:05
智驾宝,若**1,全能版,3个月,2013-05-29 18:20:11
智驾宝,b**8,全能版,3个月,2013-05-29 20:35:17
智驾宝,g**6,全能版,3个月,2013-05-29 11:02:31
智驾宝,锦**店,全能版,1个月,2013-05-29 11:38:13
智驾宝,f**o,全能版,1个月,2013-05-29 21:48:02
智驾宝,超**发,全能版,3个月,2013-05-29 07:22:08
智驾宝,q**8,全能版,1个月,2013-05-29 12:11:07
智驾宝,铭**9,全能版,3个月,2013-05-29 13:20:22
智驾宝,洛**店,全能版,3个月,2013-05-29 10:10:05
智驾宝,p**9,全能版,1个月,2013-05-29 15:26:18
智驾宝,卡**店,全能版,1个月,2013-05-29 11:03:35
智驾宝,小**0,全能版,3个月,2013-05-29 15:28:59
智驾宝,c**店,全能版,1个月,2013-05-29 10:04:42
智驾宝,1**井,专家陪驾版,1个月,2013-05-29 13:52:01
智驾宝,百**店,全能版,3个月,2013-05-29 11:41:50
智驾宝,淘**柜,全能版,3个月,2013-05-29 20:52:37
智驾宝,喵**5,全能版,3个月,2013-05-29 11:12:29
智驾宝,j**店,全能版,3个月,2013-05-29 22:29:57
智驾宝,凤**店,全能版,1个月,2013-05-29 22:35:07
极品飞车,格**5,自动版(季付限时5折),1个月,2013-05-29 16:09:54
极品飞车,红**7,自动版(季付限时5折),1个月,2013-05-29 15:19:39
极品飞车,p**3,自动版(季付限时5折),1个月,2013-05-29 13:29:28
极品飞车,a**8,自动版(季付限时5折),1个月,2013-05-29 08:59:52
极品飞车,l**1,培训版(限时5折),3个月,2013-05-29 22:48:28
极品飞车,衣**采,自动版(季付限时5折),1个月,2013-05-29 09:58:10
极品飞车,郑**0,自动版(季付限时5折),1个月,2013-05-29 09:55:18
极品飞车,h**s,自动版(季付限时5折),1个月,2013-05-29 11:57:43
极品飞车,深**商,自动版(季付限时5折),3个月,2013-05-29 19:04:04
极品飞车,大**仙,自动版(季付限时5折),3个月,2013-05-29 16:23:27
极品飞车,过**店,自动版(季付限时5折),1个月,2013-05-29 14:47:45
极品飞车,e**y,自动版(季付限时5折),3个月,2013-05-29 10:14:54
极品飞车,a**8,自动版(季付限时5折),1个月,2013-05-29 17:28:15
极品飞车,p**9,自动版(季付限时5折),1个月,2013-05-29 13:52:31
极品飞车,l**i,自动版(季付限时5折),1个月,2013-05-29 17:12:33
极品飞车,米**鞋,自动版(季付限时5折),1个月,2013-05-29 12:08:37
极品飞车,alinaliu916,手动版,1个月,2013-05-29 10:49:04
极品飞车,美**脚,自动版(季付限时5折),1个月,2013-05-29 23:44:08
极品飞车,y**8,培训版(限时5折),1个月,2013-05-29 17:58:19
极品飞车,尹**店,培训版(限时5折),1个月,2013-05-29 18:00:14
极品飞车,华**店,自动版(季付限时5折),1个月,2013-05-29 02:31:45
极品飞车,方芳88888888,手动版,3个月,2013-05-29 14:01:24
极品飞车,j**8,自动版(季付限时5折),3个月,2013-05-29 12:20:55
极品飞车,败**s,培训版(限时5折),1个月,2013-05-29 16:18:24
极品飞车,靓**8,手动版,3个月,2013-05-29 10:34:44
极品飞车,l**y,自动版(季付限时5折),3个月,2013-05-29 15:47:46
极品飞车,樱**包,自动版(季付限时5折),3个月,2013-05-29 20:13:31
极品飞车,小女子粉妆,自动版(季付限时5折),1个月,2013-05-29 14:09:25
极品飞车,a**g,自动版(季付限时5折),3个月,2013-05-29 10:21:21
极品飞车,虞**勇,自动版(季付限时5折),3个月,2013-05-29 10:39:27
极品飞车,幸**3,自动版(季付限时5折),3个月,2013-05-29 14:41:10
极品飞车,幸**3,自动版(季付限时5折),3个月,2013-05-29 14:41:09
极品飞车,青**5,自动版(季付限时5折),3个月,2013-05-29 22:15:08
极品飞车,怦**8,自动版(季付限时5折),1个月,2013-05-29 09:30:18
极品飞车,云**4,自动版(季付限时5折),1个月,2013-05-29 20:10:10
极品飞车,l**y,自动版(季付限时5折),1个月,2013-05-29 15:49:54
极品飞车,峰**淘,自动版(季付限时5折),3个月,2013-05-29 14:26:42
极品飞车,时**r,手动版,1个月,2013-05-29 08:33:40
极品飞车,鑫**店,自动版(季付限时5折),3个月,2013-05-29 09:51:14
极品飞车,悦**布,自动版(季付限时5折),3个月,2013-05-29 16:25:35
极品飞车,l**j,自动版(季付限时5折),1个月,2013-05-29 22:30:57
极品飞车,香**装,自动版(季付限时5折),1个月,2013-05-29 09:15:42
极品飞车,5**广,自动版(季付限时5折),3个月,2013-05-29 12:16:14
极品飞车,刘**旗,自动版(季付限时5折),1年,2013-05-29 11:21:37
极品飞车,c**r,自动版(季付限时5折),1个月,2013-05-29 21:43:39
极品飞车,后**3,自动版(季付限时5折),3个月,2013-05-29 11:34:34
极品飞车,z**h,自动版(季付限时5折),1个月,2013-05-29 15:34:00
极品飞车,杨**1,自动版(季付限时5折),6个月,2013-05-29 14:51:55
极品飞车,海**7,自动版(季付限时5折),3个月,2013-05-29 20:35:48
极品飞车,理**t,手动版,1个月,2013-05-29 08:25:46
极品飞车,吉**务,自动版(季付限时5折),3个月,2013-05-29 10:55:24
极品飞车,春**7,自动版(季付限时5折),3个月,2013-05-29 22:02:35
极品飞车,s**x,培训版(限时5折),1年,2013-05-29 14:28:29
极品飞车,水**0,自动版(季付限时5折),1个月,2013-05-29 14:15:49
极品飞车,w**8,自动版(季付限时5折),1个月,2013-05-29 11:31:13
极品飞车,t**2,自动版(季付限时5折),1个月,2013-05-29 22:34:29
极品飞车,f**2,手动版,3个月,2013-05-29 20:32:49
极品飞车,5**广,自动版(季付限时5折),1个月,2013-05-29 12:27:42
极品飞车,h**n,自动版(季付限时5折),1个月,2013-05-29 20:52:33
极品飞车,s**4,自动版(季付限时5折),1个月,2013-05-29 19:42:26
极品飞车,罗**店,自动版(季付限时5折),1个月,2013-05-29 16:39:21
极品飞车,爱**久,自动版(季付限时5折),1个月,2013-05-29 12:23:58
极品飞车,w**y,自动版(季付限时5折),3个月,2013-05-29 23:21:06
极品飞车,520_bbs,自动版(季付限时5折),1个月,2013-05-29 17:57:51
极品飞车,蓝**1,自动版(季付限时5折),3个月,2013-05-29 07:35:59
极品飞车,终**n,自动版(季付限时5折),3个月,2013-05-29 08:29:57
极品飞车,淘**宝,自动版(季付限时5折),3个月,2013-05-29 23:50:52
极品飞车,j**9,培训版(限时5折),1个月,2013-05-29 16:43:14
极品飞车,s**l,培训版(限时5折),1个月,2013-05-29 16:40:25
极品飞车,云**4,自动版(季付限时5折),3个月,2013-05-29 20:07:42
极品飞车,w**t,自动版(季付限时5折),3个月,2013-05-29 19:48:24
极品飞车,m**0,自动版(季付限时5折),1个月,2013-05-29 17:11:55
极品飞车,菲**8,自动版(季付限时5折),1个月,2013-05-29 10:26:37
极品飞车,i**1,自动版(季付限时5折),3个月,2013-05-29 14:33:13
极品飞车,信**产,手动版,1个月,2013-05-29 09:32:08
极品飞车,饼**奇,自动版(季付限时5折),1个月,2013-05-29 09:43:44
极品飞车,宋**1,自动版(季付限时5折),3个月,2013-05-29 20:52:15
极品飞车,水**晶,自动版(季付限时5折),1个月,2013-05-29 11:40:17
极品飞车,一**各,手动版,1个月,2013-05-29 14:10:30
极品飞车,一**各,手动版,1个月,2013-05-29 14:10:29
极品飞车,n**y,自动版(季付限时5折),3个月,2013-05-29 16:18:10
极品飞车,诚**3,自动版(季付限时5折),3个月,2013-05-29 17:29:17
极品飞车,淘**购,自动版(季付限时5折),3个月,2013-05-29 00:08:18
极品飞车,逵**脑,培训版(限时5折),1个月,2013-05-29 23:56:44
极品飞车,w**7,自动版(季付限时5折),1个月,2013-05-29 11:53:42
极品飞车,翟**彬,培训版(限时5折),6个月,2013-05-29 19:50:42
极品飞车,金**行,自动版(季付限时5折),1个月,2013-05-29 11:09:15
极品飞车,l**5,自动版(季付限时5折),1个月,2013-05-29 20:44:02
极品飞车,东**舞,培训版(限时5折),3个月,2013-05-29 11:54:05
极品飞车,马**6,培训版(限时5折),6个月,2013-05-29 12:46:47
极品飞车,武**旗,培训版(限时5折),1个月,2013-05-29 17:43:36
极品飞车,籽**1,自动版(季付限时5折),1个月,2013-05-29 09:28:30
极品飞车,a**7,自动版(季付限时5折),3个月,2013-05-29 17:57:06
极品飞车,b**d,培训版(限时5折),1个月,2013-05-29 11:06:46
极品飞车,j**7,自动版(季付限时5折),3个月,2013-05-29 23:17:51
极品飞车,踏**趣,手动版,3个月,2013-05-29 02:11:48
极品飞车,b**d,培训版(限时5折),1个月,2013-05-29 11:06:36
极品飞车,w**t,自动版(季付限时5折),1个月,2013-05-29 19:51:45
极品飞车,阿**主,自动版(季付限时5折),3个月,2013-05-29 21:33:38
极品飞车,百**9,自动版(季付限时5折),3个月,2013-05-29 14:19:15
极品飞车,x**6,自动版(季付限时5折),1个月,2013-05-29 09:46:47
极品飞车,纺**8,自动版(季付限时5折),1个月,2013-05-29 16:12:09
极品飞车,a**1,培训版(限时5折),1个月,2013-05-29 15:08:19
极品飞车,妙**纱,自动版(季付限时5折),1个月,2013-05-29 09:34:19
极品飞车,黄**娜,手动版,1个月,2013-05-29 16:09:26
极品飞车,枫**雁,自动版(季付限时5折),3个月,2013-05-29 10:53:38
极品飞车,心**铺,自动版(季付限时5折),3个月,2013-05-29 12:38:41
极品飞车,n**鏵,自动版(季付限时5折),3个月,2013-05-29 14:54:27
极品飞车,a**7,自动版(季付限时5折),1个月,2013-05-29 17:58:35
极品飞车,风**店,自动版(季付限时5折),3个月,2013-05-29 01:23:56
极品飞车,创**哥,培训版(限时5折),3个月,2013-05-29 21:15:48
极品飞车,w**0,自动版(季付限时5折),1个月,2013-05-29 00:06:39
极品飞车,爱**久,自动版(季付限时5折),1个月,2013-05-29 11:37:07
极品飞车,兰**儿,自动版(季付限时5折),3个月,2013-05-29 14:35:00
极品飞车,范**5,自动版(季付限时5折),3个月,2013-05-29 09:06:21
极品飞车,蔓**8,自动版(季付限时5折),1个月,2013-05-29 12:55:56
极品飞车,d**8,自动版(季付限时5折),1个月,2013-05-29 16:34:43
极品飞车,河**子,自动版(季付限时5折),3个月,2013-05-29 22:34:27
极品飞车,张**征,自动版(季付限时5折),3个月,2013-05-29 12:27:58
极品飞车,缘**0,自动版(季付限时5折),1个月,2013-05-29 20:10:30
极品飞车,f**2,手动版,1个月,2013-05-29 20:34:21
极品飞车,韩**2,手动版,1个月,2013-05-29 00:12:49
极品飞车,森**店,培训版(限时5折),1个月,2013-05-29 13:14:20
极品飞车,h**2,培训版(限时5折),1个月,2013-05-29 10:14:57
极品飞车,唛**网,自动版(季付限时5折),1个月,2013-05-29 16:06:11
极品飞车,掌**丽,手动版,1个月,2013-05-29 03:29:18
极品飞车,林**1,自动版(季付限时5折),1个月,2013-05-29 17:36:55
极品飞车,杨**兴,自动版(季付限时5折),3个月,2013-05-29 09:51:50
极品飞车,三**代,自动版(季付限时5折),3个月,2013-05-29 21:47:25
极品飞车,z**8,自动版(季付限时5折),1个月,2013-05-29 18:39:16
极品飞车,a**8,自动版(季付限时5折),3个月,2013-05-29 08:56:56
极品飞车,吴**慧,培训版(限时5折),3个月,2013-05-29 11:04:09
极品飞车,饼**奇,自动版(季付限时5折),3个月,2013-05-29 09:40:48
极品飞车,时**8,手动版,1个月,2013-05-29 22:11:17
极品飞车,衣**厅,培训版(限时5折),3个月,2013-05-29 22:59:26
极品飞车,l**x,自动版(季付限时5折),3个月,2013-05-29 10:52:24
极品飞车,h**4,自动版(季付限时5折),1个月,2013-05-29 11:56:08
极品飞车,a**7,培训版(限时5折),1个月,2013-05-29 18:07:09
极品飞车,洪**具,自动版(季付限时5折),6个月,2013-05-29 10:05:41
极品飞车,狸**国,自动版(季付限时5折),3个月,2013-05-29 17:31:33
极品飞车,s**x,培训版(限时5折),1个月,2013-05-29 14:45:09
极品飞车,申**具,自动版(季付限时5折),1个月,2013-05-29 21:23:16
极品飞车,a**m,自动版(季付限时5折),1个月,2013-05-29 14:50:47
极品飞车,唛**网,自动版(季付限时5折),3个月,2013-05-29 16:05:24
极品飞车,妇**城,培训版(限时5折),1个月,2013-05-29 13:09:59
极品飞车,回**尘,自动版(季付限时5折),3个月,2013-05-29 13:55:40
极品飞车,妇**城,培训版(限时5折),1个月,2013-05-29 13:09:05
极品飞车,i**界,手动版,1个月,2013-05-29 21:05:12
极品飞车,j**1,自动版(季付限时5折),3个月,2013-05-29 20:16:06
极品飞车,f**u,自动版(季付限时5折),3个月,2013-05-29 15:02:13
极品飞车,淘**b,培训版(限时5折),1个月,2013-05-29 15:16:47
极品飞车,蓝**儿,自动版(季付限时5折),3个月,2013-05-29 17:39:26
极品飞车,l**1,培训版(限时5折),1年,2013-05-29 17:17:56
极品飞车,小**7,自动版(季付限时5折),1个月,2013-05-29 18:13:19
极品飞车,败**s,培训版(限时5折),3个月,2013-05-29 16:17:22
极品飞车,春**7,自动版(季付限时5折),1个月,2013-05-29 22:03:35
极品飞车,笑烟李,自动版(季付限时5折),3个月,2013-05-29 08:02:11
极品飞车,n**1,培训版(限时5折),1个月,2013-05-29 10:11:42
极品飞车,h**5,自动版(季付限时5折),1个月,2013-05-29 18:58:14
极品飞车,y**u,自动版(季付限时5折),3个月,2013-05-29 19:53:15
极品飞车,缘**0,手动版,1个月,2013-05-29 19:47:37
极品飞车,卡**尔,培训版(限时5折),3个月,2013-05-29 16:32:29
极品飞车,s**4,自动版(季付限时5折),3个月,2013-05-29 19:39:51
极品飞车,q**g,自动版(季付限时5折),1个月,2013-05-29 09:30:29
极品飞车,小**7,自动版(季付限时5折),3个月,2013-05-29 18:05:51
极品飞车,淘**宝,自动版(季付限时5折),1个月,2013-05-29 23:52:27
极品飞车,东**6,自动版(季付限时5折),3个月,2013-05-29 23:29:35
极品飞车,炫**e,自动版(季付限时5折),1个月,2013-05-29 16:08:16
极品飞车,悦**布,自动版(季付限时5折),1个月,2013-05-29 16:26:41
极品飞车,芮**饰,自动版(季付限时5折),1个月,2013-05-29 16:08:08
极品飞车,l**1,培训版(限时5折),1个月,2013-05-29 17:19:04
极品飞车,月**2,手动版,1个月,2013-05-29 10:04:38
极品飞车,g**子,培训版(限时5折),1个月,2013-05-29 14:15:01
极品飞车,d**2,自动版(季付限时5折),3个月,2013-05-29 15:57:37
极品飞车,u**s,自动版(季付限时5折),3个月,2013-05-29 16:09:50
极品飞车,f**n,自动版(季付限时5折),3个月,2013-05-29 08:49:15
极品飞车,心**铺,自动版(季付限时5折),1个月,2013-05-29 12:45:26
极品飞车,w**7,自动版(季付限时5折),1个月,2013-05-29 11:51:53
极品飞车,逵**脑,培训版(限时5折),1个月,2013-05-29 23:50:45
极品飞车,水**晶,自动版(季付限时5折),1个月,2013-05-29 12:53:19
极品飞车,水**晶,自动版(季付限时5折),1个月,2013-05-29 12:53:20
极品飞车,w**o,自动版(季付限时5折),3个月,2013-05-29 17:45:52
极品飞车,紫**店,自动版(季付限时5折),3个月,2013-05-29 13:41:25
极品飞车,文**贝,自动版(季付限时5折),3个月,2013-05-29 17:21:30
极品飞车,u**s,自动版(季付限时5折),1个月,2013-05-29 16:11:28
极品飞车,扬**抑,自动版(季付限时5折),3个月,2013-05-29 11:47:33
极品飞车,河**子,自动版(季付限时5折),1个月,2013-05-29 22:35:33
极品飞车,宋**1,自动版(季付限时5折),1个月,2013-05-29 20:53:40
极品飞车,w**i,培训版(限时5折),3个月,2013-05-29 17:10:40
极品飞车,a**j,自动版(季付限时5折),1个月,2013-05-29 22:43:29
极品飞车,时**1,自动版(季付限时5折),1个月,2013-05-29 15:12:22
极品飞车,飞**具,自动版(季付限时5折),3个月,2013-05-29 16:44:31
极品飞车,p**8,自动版(季付限时5折),1个月,2013-05-29 15:52:37
极品飞车,昌羿精密,自动版(季付限时5折),1个月,2013-05-29 21:35:50
极品飞车,北**城,自动版(季付限时5折),3个月,2013-05-29 08:30:15
极品飞车,x**8,自动版(季付限时5折),3个月,2013-05-29 12:10:29
极品飞车,z**0,培训版(限时5折),1个月,2013-05-29 01:29:18
极品飞车,嘟**8,自动版(季付限时5折),1个月,2013-05-29 17:12:17
极品飞车,蔓**8,自动版(季付限时5折),1个月,2013-05-29 10:05:35
极品飞车,唯**司,培训版(限时5折),1年,2013-05-29 15:16:11
极品飞车,y**3,自动版(季付限时5折),3个月,2013-05-29 10:21:04
极品飞车,x**8,自动版(季付限时5折),1个月,2013-05-29 00:01:38
极品飞车,y**5,自动版(季付限时5折),1个月,2013-05-29 14:29:24
极品飞车,f**0,自动版(季付限时5折),1个月,2013-05-29 17:23:08
极品飞车,一**由,自动版(季付限时5折),3个月,2013-05-29 14:38:48
极品飞车,n**鏵,培训版(限时5折),3个月,2013-05-29 14:56:55
极品飞车,w**5,自动版(季付限时5折),3个月,2013-05-29 09:40:37
极品飞车,申**具,自动版(季付限时5折),1个月,2013-05-29 21:20:43
极品飞车,u**n,自动版(季付限时5折),3个月,2013-05-29 12:10:33
极品飞车,枫**雁,培训版(限时5折),1个月,2013-05-29 16:43:51
极品飞车,l**j,自动版(季付限时5折),3个月,2013-05-29 22:29:25
极品飞车,为**9,自动版(季付限时5折),3个月,2013-05-29 11:57:20
极品飞车,杜**4,自动版(季付限时5折),1个月,2013-05-29 19:35:22
极品飞车,c**6,培训版(限时5折),1个月,2013-05-29 14:36:28
极品飞车,在**服,培训版(限时5折),3个月,2013-05-29 23:00:34
极品飞车,段**5,自动版(季付限时5折),3个月,2013-05-29 15:49:20
极品飞车,美**脚,自动版(季付限时5折),3个月,2013-05-29 23:42:18
极品飞车,俊**柜,自动版(季付限时5折),1个月,2013-05-29 10:43:57
极品飞车,枫**雁,培训版(限时5折),3个月,2013-05-29 16:39:28
极品飞车,金**2,自动版(季付限时5折),1个月,2013-05-29 20:59:05
极品飞车,言**店,自动版(季付限时5折),3个月,2013-05-29 11:49:13
极品飞车,w**i,手动版,3个月,2013-05-29 16:29:27
极品飞车,言**店,自动版(季付限时5折),1个月,2013-05-29 11:53:17
极品飞车,麦**凡,自动版(季付限时5折),1个月,2013-05-29 11:04:59
极品飞车,百**9,自动版(季付限时5折),1个月,2013-05-29 14:23:55
极品飞车,x**8,自动版(季付限时5折),1个月,2013-05-29 12:49:34
极品飞车,宇**衣,自动版(季付限时5折),3个月,2013-05-29 06:34:03
极品飞车,情**站,手动版,1个月,2013-05-29 00:32:07
极品飞车,雨**朗,自动版(季付限时5折),1个月,2013-05-29 13:02:43
极品飞车,f**8,自动版(季付限时5折),3个月,2013-05-29 21:56:42
极品飞车,c**r,自动版(季付限时5折),3个月,2013-05-29 21:41:27
极品飞车,枫**雁,自动版(季付限时5折),1个月,2013-05-29 11:02:07
极品飞车,l**5,自动版(季付限时5折),3个月,2013-05-29 20:29:05
极品飞车,r**店,自动版(季付限时5折),3个月,2013-05-29 20:53:32
极品飞车,j**1,自动版(季付限时5折),3个月,2013-05-29 14:23:01
极品飞车,月**2,手动版,1个月,2013-05-29 10:05:58
极品飞车,上**司,自动版(季付限时5折),1年,2013-05-29 21:40:04
极品飞车,i**界,手动版,1个月,2013-05-29 21:03:34
极品飞车,枫**雁,培训版(限时5折),1个月,2013-05-29 17:14:20
极品飞车,伊**店,培训版(限时5折),3个月,2013-05-29 14:50:48
极品飞车,海**品,自动版(季付限时5折),3个月,2013-05-29 10:37:45
极品飞车,叶**8,自动版(季付限时5折),3个月,2013-05-29 09:56:11
极品飞车,峰**淘,自动版(季付限时5折),1个月,2013-05-29 14:53:00
极品飞车,f**y,培训版(限时5折),3个月,2013-05-29 08:36:46
极品飞车,j**n,自动版(季付限时5折),3个月,2013-05-29 22:16:35
极品飞车,塞**店,自动版(季付限时5折),1个月,2013-05-29 09:38:18
极品飞车,a**j,自动版(季付限时5折),3个月,2013-05-29 22:41:33
极品飞车,g**e,培训版(限时5折),1年,2013-05-29 13:24:11
极品飞车,g**子,培训版(限时5折),3个月,2013-05-29 11:41:57
极品飞车,黄**娜,手动版,1个月,2013-05-29 16:10:51
极品飞车,r**店,自动版(季付限时5折),1个月,2013-05-29 21:07:37
极品飞车,麦**凡,自动版(季付限时5折),3个月,2013-05-29 10:59:04
极品飞车,j**n,培训版(限时5折),3个月,2013-05-29 22:41:29
极品飞车,未**b,自动版(季付限时5折),3个月,2013-05-29 15:48:21
极品飞车,西**冠,自动版(季付限时5折),3个月,2013-05-29 22:14:45
极品飞车,哆**m,自动版(季付限时5折),1个月,2013-05-29 19:58:52
极品飞车,j**9,培训版(限时5折),3个月,2013-05-29 16:41:20
极品飞车,幽**7,手动版,1个月,2013-05-29 09:16:37
极品飞车,w**i,自动版(季付限时5折),3个月,2013-05-29 11:54:33
极品飞车,r**2,培训版(限时5折),1个月,2013-05-29 17:12:25
极品飞车,赤**0,培训版(限时5折),1个月,2013-05-29 10:52:32
极品飞车,梓**o,自动版(季付限时5折),1个月,2013-05-29 13:17:48
极品飞车,飘**0,自动版(季付限时5折),1个月,2013-05-29 08:30:10
极品飞车,幽**7,手动版,1个月,2013-05-29 07:52:18
极品飞车,s**9,自动版(季付限时5折),1个月,2013-05-29 12:11:32
极品飞车,j**1,自动版(季付限时5折),1个月,2013-05-29 14:56:30
极品飞车,j**1,自动版(季付限时5折),1个月,2013-05-29 14:56:29
极品飞车,郑**0,自动版(季付限时5折),3个月,2013-05-29 09:53:58
极品飞车,s**n,手动版,1个月,2013-05-29 17:33:33
极品飞车,猛**店,自动版(季付限时5折),3个月,2013-05-29 12:34:34
极品飞车,甄**杰,培训版(限时5折),1个月,2013-05-29 07:57:35
极品飞车,s**1,自动版(季付限时5折),1个月,2013-05-29 12:11:48
极品飞车,b**3,自动版(季付限时5折),1个月,2013-05-29 11:23:08
极品飞车,实**6,手动版,3个月,2013-05-29 14:16:50
极品飞车,d**8,自动版(季付限时5折),3个月,2013-05-29 22:28:01
极品飞车,小**城,自动版(季付限时5折),1个月,2013-05-29 17:30:36
极品飞车,小**7,自动版(季付限时5折),1个月,2013-05-29 18:13:20
极品飞车,茗**居,自动版(季付限时5折),1个月,2013-05-29 11:55:41
极品飞车,瑞**y,手动版,3个月,2013-05-29 11:48:37
极品飞车,y**i,自动版(季付限时5折),1个月,2013-05-29 21:53:18
极品飞车,s**n,手动版,1个月,2013-05-29 17:42:00
极品飞车,e**店,自动版(季付限时5折),1个月,2013-05-29 09:17:49
极品飞车,金**2,自动版(季付限时5折),1个月,2013-05-29 20:53:44
极品飞车,y**8,培训版(限时5折),1个月,2013-05-29 18:11:37
极品飞车,掌**丽,手动版,1个月,2013-05-29 03:20:40
极品飞车,光**家,手动版,1个月,2013-05-29 08:29:30
极品飞车,多**服,自动版(季付限时5折),1个月,2013-05-29 10:14:18
极品飞车,东**舞,培训版(限时5折),1个月,2013-05-29 11:57:22
极品飞车,南**8,自动版(季付限时5折),1个月,2013-05-29 10:28:39
极品飞车,z**8,自动版(季付限时5折),3个月,2013-05-29 16:55:37
极品飞车,我**荭,自动版(季付限时5折),3个月,2013-05-29 19:26:33
极品飞车,x**1,手动版,1个月,2013-05-29 12:35:33
极品飞车,j**n,自动版(季付限时5折),1个月,2013-05-29 17:33:49
极品飞车,j**n,自动版(季付限时5折),1个月,2013-05-29 17:33:50
极品飞车,s**8,自动版(季付限时5折),1个月,2013-05-29 17:35:33
极品飞车,淘**宝,手动版,3个月,2013-05-29 09:13:33
极品飞车,521sq,培训版(限时5折),1个月,2013-05-29 11:37:35
极品飞车,居**饰,自动版(季付限时5折),1个月,2013-05-29 16:25:21
极品飞车,珂玮时尚,培训版(限时5折),3个月,2013-05-29 17:23:51
极品飞车,a**5,培训版(限时5折),3个月,2013-05-29 20:42:22
极品飞车,z**1,培训版(限时5折),1个月,2013-05-29 11:37:26
极品飞车,段**5,自动版(季付限时5折),1个月,2013-05-29 15:51:30
极品飞车,北**城,自动版(季付限时5折),1个月,2013-05-29 08:32:35
极品飞车,居**饰,自动版(季付限时5折),1个月,2013-05-29 16:27:47
极品飞车,幸**3,自动版(季付限时5折),1个月,2013-05-29 15:14:29
极品飞车,幸**3,自动版(季付限时5折),1个月,2013-05-29 15:14:30
极品飞车,恋**馆,自动版(季付限时5折),3个月,2013-05-29 10:22:30
极品飞车,淘**b,培训版(限时5折),3个月,2013-05-29 11:48:07
极品飞车,w**8,自动版(季付限时5折),3个月,2013-05-29 11:28:47
极品飞车,f**u,培训版(限时5折),1个月,2013-05-29 15:07:53
极品飞车,t**u,自动版(季付限时5折),1个月,2013-05-29 14:43:04
极品飞车,梓**o,自动版(季付限时5折),3个月,2013-05-29 13:14:26
极品飞车,诚**3,自动版(季付限时5折),1个月,2013-05-29 17:31:39
极品飞车,v**舍,自动版(季付限时5折),3个月,2013-05-29 19:27:33
极品飞车,诚**3,自动版(季付限时5折),1个月,2013-05-29 17:31:40
极品飞车,魅**佳,自动版(季付限时5折),3个月,2013-05-29 21:12:53
极品飞车,z**0,培训版(限时5折),3个月,2013-05-29 01:26:01
极品飞车,rochas1982,培训版(限时5折),3个月,2013-05-29 17:08:54
极品飞车,顶**8,自动版(季付限时5折),3个月,2013-05-29 14:02:19
极品飞车,x**铺,自动版(季付限时5折),3个月,2013-05-29 13:31:10
极品飞车,小**7,手动版,1个月,2013-05-29 18:03:37
极品飞车,杜**店,培训版(限时5折),1个月,2013-05-29 10:18:32
极品飞车,f**u,培训版(限时5折),1个月,2013-05-29 15:09:26
极品飞车,黄**坛,培训版(限时5折),3个月,2013-05-29 10:29:40
极品飞车,阿**主,自动版(季付限时5折),1个月,2013-05-29 21:40:29
极品飞车,哆**m,自动版(季付限时5折),3个月,2013-05-29 19:56:54
极品飞车,芮**饰,自动版(季付限时5折),1个月,2013-05-29 16:07:03
极品飞车,情**鹤,自动版(季付限时5折),3个月,2013-05-29 17:02:02
极品飞车,w**o,自动版(季付限时5折),1个月,2013-05-29 17:46:51
极品飞车,t**0,自动版(季付限时5折),1个月,2013-05-29 20:38:55
极品飞车,漫**店,自动版(季付限时5折),3个月,2013-05-29 16:15:08
极品飞车,只**字,自动版(季付限时5折),3个月,2013-05-29 13:03:03
极品飞车,a**n,自动版(季付限时5折),1个月,2013-05-29 11:40:34
极品飞车,y**8,自动版(季付限时5折),3个月,2013-05-29 00:22:20
极品飞车,小**妆,培训版(限时5折),3个月,2013-05-29 14:11:08
极品飞车,l**1,自动版(季付限时5折),3个月,2013-05-29 12:33:51
极品飞车,l**y,手动版,3个月,2013-05-29 18:16:04
极品飞车,t**店,自动版(季付限时5折),3个月,2013-05-29 14:49:14
极品飞车,k**0,自动版(季付限时5折),3个月,2013-05-29 05:20:46
极品飞车,y**k,自动版(季付限时5折),3个月,2013-05-29 22:11:26
极品飞车,昕**象,自动版(季付限时5折),1个月,2013-05-29 17:37:46
极品飞车,m**a,自动版(季付限时5折),3个月,2013-05-29 09:55:58
极品飞车,a**5,培训版(限时5折),1个月,2013-05-29 20:43:33
极品飞车,h**4,自动版(季付限时5折),1个月,2013-05-29 12:00:51
极品飞车,雨**朗,自动版(季付限时5折),3个月,2013-05-29 13:01:01
极品飞车,k**4,手动版,1个月,2013-05-29 09:42:56
极品飞车,鑫**彩,自动版(季付限时5折),1个月,2013-05-29 17:23:32
极品飞车,z**7,自动版(季付限时5折),1个月,2013-05-29 09:40:47
极品飞车,瑞**y,手动版,1个月,2013-05-29 11:51:00
极品飞车,雪**花,培训版(限时5折),3个月,2013-05-29 19:13:09
极品飞车,雪**花,自动版(季付限时5折),3个月,2013-05-29 19:07:11
极品飞车,p**8,自动版(季付限时5折),3个月,2013-05-29 15:42:56
极品飞车,伊阳旗舰店,自动版(季付限时5折),3个月,2013-05-29 00:14:29
极品飞车,伊阳旗舰店,自动版(季付限时5折),3个月,2013-05-29 00:14:30
极品飞车,张**3,培训版(限时5折),1个月,2013-05-29 10:00:37
极品飞车,时**8,手动版,1个月,2013-05-29 22:06:24
极品飞车,a**6,自动版(季付限时5折),3个月,2013-05-29 21:42:56
极品飞车,皇**馆,培训版(限时5折),1个月,2013-05-29 16:11:05
极品飞车,丽**店,自动版(季付限时5折),1个月,2013-05-29 16:11:10
极品飞车,折**的,手动版,1个月,2013-05-29 11:14:36
极品飞车,洪**具,自动版(季付限时5折),1个月,2013-05-29 10:08:02
极品飞车,l**1,培训版(限时5折),1个月,2013-05-29 22:53:22
极品飞车,实**家,自动版(季付限时5折),1个月,2013-05-29 21:43:58
极品飞车,骑**狗,自动版(季付限时5折),3个月,2013-05-29 11:45:34
极品飞车,漫**店,自动版(季付限时5折),1个月,2013-05-29 16:16:32
极品飞车,吴**慧,培训版(限时5折),1个月,2013-05-29 11:07:16
极品飞车,菲**8,自动版(季付限时5折),1个月,2013-05-29 10:24:22
极品飞车,宁**场,培训版(限时5折),1年,2013-05-29 22:28:44
极品飞车,俊**柜,自动版(季付限时5折),3个月,2013-05-29 10:36:44
极品飞车,张**田,手动版,1个月,2013-05-29 02:48:35
极品飞车,未**b,自动版(季付限时5折),1个月,2013-05-29 15:54:26
极品飞车,s**8,自动版(季付限时5折),3个月,2013-05-29 17:33:38
极品飞车,b**3,自动版(季付限时5折),1个月,2013-05-29 11:19:22
极品飞车,k**0,自动版(季付限时5折),1个月,2013-05-29 05:23:24
极品飞车,翡**城,自动版(季付限时5折),1个月,2013-05-29 21:01:03
极品飞车,s**8,自动版(季付限时5折),1个月,2013-05-29 15:54:26
极品飞车,温**库,手动版,1个月,2013-05-29 11:21:52
极品飞车,猛**店,自动版(季付限时5折),1个月,2013-05-29 12:36:05
极品飞车,j**n,自动版(季付限时5折),1个月,2013-05-29 22:18:03
极品飞车,yanglaoban_91,自动版(季付限时5折),1个月,2013-05-29 18:29:05
极品飞车,西**冠,自动版(季付限时5折),1个月,2013-05-29 22:17:22
极品飞车,文**贝,自动版(季付限时5折),1个月,2013-05-29 17:24:21
极品飞车,伊**店,培训版(限时5折),1个月,2013-05-29 15:31:51
超级车手,梦**饰,高级版(150个宝贝),1个月,2013-05-29 08:59:13
超级车手,采**城,夏季特惠(50个宝贝),3个月,2013-05-29 12:07:46
超级车手,都**城,夏季特惠(50个宝贝),3个月,2013-05-29 02:11:42
超级车手,咚**店,初级版(50个宝贝),3个月,2013-05-29 10:20:14
超级车手,q**佳,夏季特惠(50个宝贝),1个月,2013-05-29 20:46:50
超级车手,c**v,夏季特惠(50个宝贝),3个月,2013-05-29 19:35:57
超级车手,h**x,夏季特惠(50个宝贝),3个月,2013-05-29 00:12:29
超级车手,曼**坊,夏季特惠(50个宝贝),3个月,2013-05-29 09:33:23
超级车手,丽**店,夏季特惠(50个宝贝),3个月,2013-05-29 11:26:09
超级车手,c**4,夏季特惠(50个宝贝),1个月,2013-05-29 20:55:07
超级车手,前**5,夏季特惠(50个宝贝),3个月,2013-05-29 15:18:56
超级车手,民**市,夏季特惠(50个宝贝),3个月,2013-05-29 17:00:06
超级车手,h**0,夏季特惠(50个宝贝),3个月,2013-05-29 03:53:55
超级车手,q**1,夏季特惠(50个宝贝),3个月,2013-05-29 08:26:14
超级车手,s**6,夏季特惠(50个宝贝),3个月,2013-05-29 09:32:23
超级车手,t**4,高级版(150个宝贝),1个月,2013-05-29 15:03:37
超级车手,大**具,夏季特惠(50个宝贝),3个月,2013-05-29 20:42:42
超级车手,绮**轩,夏季特惠(50个宝贝),3个月,2013-05-29 09:20:55
超级车手,尼**落,夏季特惠(50个宝贝),3个月,2013-05-29 15:20:45
超级车手,木**岚,夏季特惠(50个宝贝),3个月,2013-05-29 00:39:54
超级车手,远**司,高级版(150个宝贝),6个月,2013-05-29 21:02:39
超级车手,涛**庄,初级版(50个宝贝),3个月,2013-05-29 13:04:55
超级车手,小**0,夏季特惠(50个宝贝),1个月,2013-05-29 16:09:22
超级车手,图**店,夏季特惠(50个宝贝),3个月,2013-05-29 21:32:10
超级车手,雨**朗,夏季特惠(50个宝贝),3个月,2013-05-29 00:09:07
超级车手,蜀**店,初级版(50个宝贝),3个月,2013-05-29 16:40:42
超级车手,芭**店,夏季特惠(50个宝贝),1个月,2013-05-29 08:24:05
超级车手,芭**店,夏季特惠(50个宝贝),3个月,2013-05-29 08:18:26
超级车手,诚**8,夏季特惠(50个宝贝),3个月,2013-05-29 07:30:49
超级车手,1**佳,夏季特惠(50个宝贝),3个月,2013-05-29 11:27:38
超级车手,小**子,夏季特惠(50个宝贝),3个月,2013-05-29 16:08:50
超级车手,柠**店,夏季特惠(50个宝贝),3个月,2013-05-29 17:22:48
超级车手,时**t,初级版(50个宝贝),3个月,2013-05-29 11:52:47
超级车手,潮**装,初级版(50个宝贝),3个月,2013-05-29 11:45:24
超级车手,风**动,夏季特惠(50个宝贝),3个月,2013-05-29 13:47:35
超级车手,v**i,高级版(150个宝贝),3个月,2013-05-29 23:06:17
超级车手,超**店,夏季特惠(50个宝贝),3个月,2013-05-29 11:46:51
超级车手,通**司,夏季特惠(50个宝贝),3个月,2013-05-29 23:14:21
超级车手,从**起,夏季特惠(50个宝贝),3个月,2013-05-29 13:55:55
超级车手,q**7,夏季特惠(50个宝贝),3个月,2013-05-29 00:31:44
超级车手,d**7,夏季特惠(50个宝贝),3个月,2013-05-29 23:52:05
超级车手,天**店,初级版(50个宝贝),6个月,2013-05-29 15:34:02
超级车手,yeweiyang1,夏季特惠(50个宝贝),3个月,2013-05-29 14:15:06
超级车手,芬**店,初级版(50个宝贝),6个月,2013-05-29 00:57:45
超级车手,简**计,初级版(50个宝贝),3个月,2013-05-29 17:54:24
超级车手,顶**0,夏季特惠(50个宝贝),1个月,2013-05-29 18:47:20
超级车手,c**7,夏季特惠(50个宝贝),1个月,2013-05-29 11:43:43
超级车手,时**o,夏季特惠(50个宝贝),1个月,2013-05-29 18:46:36
超级车手,雷**铺,夏季特惠(50个宝贝),3个月,2013-05-29 13:32:35
超级车手,时**l,初级版(50个宝贝),3个月,2013-05-29 17:11:35
超级车手,佰**店,初级版(50个宝贝),3个月,2013-05-29 12:59:16
超级车手,燕**柠,夏季特惠(50个宝贝),1个月,2013-05-29 15:26:24
超级车手,武**拍,夏季特惠(50个宝贝),3个月,2013-05-29 16:55:07
超级车手,杨**吧,夏季特惠(50个宝贝),3个月,2013-05-29 19:56:02
超级车手,宅**店,夏季特惠(50个宝贝),3个月,2013-05-29 21:03:47
超级车手,茜**e,夏季特惠(50个宝贝),3个月,2013-05-29 12:08:30
超级车手,爱**玛,夏季特惠(50个宝贝),1个月,2013-05-29 12:03:34
超级车手,v**具,夏季特惠(50个宝贝),3个月,2013-05-29 22:21:56
超级车手,身**8,夏季特惠(50个宝贝),3个月,2013-05-29 23:31:36
超级车手,亲**吗,夏季特惠(50个宝贝),3个月,2013-05-29 20:10:46
超级车手,王氏雄风茗茶,初级版(50个宝贝),3个月,2013-05-29 13:25:15
超级车手,z**5,夏季特惠(50个宝贝),3个月,2013-05-29 22:45:22
超级车手,仟**饰,夏季特惠(50个宝贝),3个月,2013-05-29 16:37:14
超级车手,l**i,夏季特惠(50个宝贝),3个月,2013-05-29 19:26:34
超级车手,至**坊,夏季特惠(50个宝贝),3个月,2013-05-29 00:24:03
超级车手,k**u,夏季特惠(50个宝贝),3个月,2013-05-29 16:23:40
超级车手,w**7,初级版(50个宝贝),3个月,2013-05-29 13:53:54
超级车手,t**1,夏季特惠(50个宝贝),3个月,2013-05-29 11:29:49
超级车手,小**发,夏季特惠(50个宝贝),1个月,2013-05-29 20:14:10
超级车手,o**5,夏季特惠(50个宝贝),3个月,2013-05-29 20:07:04
超级车手,诚**业,初级版(50个宝贝),3个月,2013-05-29 16:49:45
超级车手,韩**库,初级版(50个宝贝),3个月,2013-05-29 11:25:20
超级车手,锦**店,夏季特惠(50个宝贝),3个月,2013-05-29 12:01:50
超级车手,香**店,夏季特惠(50个宝贝),3个月,2013-05-29 11:08:11
超级车手,未**8,夏季特惠(50个宝贝),3个月,2013-05-29 22:31:20
超级车手,孙**1,初级版(50个宝贝),3个月,2013-05-29 21:53:44
超级车手,倾**主,夏季特惠(50个宝贝),3个月,2013-05-29 14:21:29
超级车手,d**o,初级版(50个宝贝),3个月,2013-05-29 13:50:53
超级车手,梦**候,夏季特惠(50个宝贝),3个月,2013-05-29 22:22:08
超级车手,c**1,夏季特惠(50个宝贝),3个月,2013-05-29 17:27:09
超级车手,梦**9,夏季特惠(50个宝贝),3个月,2013-05-29 00:43:47
超级车手,w**2,夏季特惠(50个宝贝),3个月,2013-05-29 17:04:42
超级车手,金**3,夏季特惠(50个宝贝),3个月,2013-05-29 14:31:59
超级车手,騰**卡,夏季特惠(50个宝贝),3个月,2013-05-29 21:41:12
超级车手,祸**6,夏季特惠(50个宝贝),3个月,2013-05-29 11:37:28
超级车手,周**1,夏季特惠(50个宝贝),3个月,2013-05-29 16:11:07
超级车手,8**c,初级版(50个宝贝),3个月,2013-05-29 11:39:44
超级车手,欢**8,夏季特惠(50个宝贝),3个月,2013-05-29 19:32:50
超级车手,m**1,夏季特惠(50个宝贝),1个月,2013-05-29 13:48:19
超级车手,h**n,夏季特惠(50个宝贝),3个月,2013-05-29 18:24:55
超级车手,亲**吗,夏季特惠(50个宝贝),1个月,2013-05-29 20:17:01
超级车手,祥**8,初级版(50个宝贝),1年,2013-05-29 17:36:18
超级车手,f**a,夏季特惠(50个宝贝),3个月,2013-05-29 11:38:12
超级车手,彬**鞋,夏季特惠(50个宝贝),3个月,2013-05-29 12:42:58
超级车手,旅**店,夏季特惠(50个宝贝),3个月,2013-05-29 15:29:23
超级车手,l**7,夏季特惠(50个宝贝),3个月,2013-05-29 19:32:24
超级车手,宜**店,夏季特惠(50个宝贝),1个月,2013-05-29 14:07:48
超级车手,凿**入,夏季特惠(50个宝贝),1个月,2013-05-29 16:52:21
超级车手,韵**店,初级版(50个宝贝),3个月,2013-05-29 00:38:32
超级车手,晨**司,夏季特惠(50个宝贝),1个月,2013-05-29 21:16:52
超级车手,京**屋,高级版(150个宝贝),3个月,2013-05-29 11:11:05
超级车手,圣**店,高级版(150个宝贝),1个月,2013-05-29 12:16:04
超级车手,时**家,夏季特惠(50个宝贝),3个月,2013-05-29 12:03:04
超级车手,z**4,夏季特惠(50个宝贝),3个月,2013-05-29 00:09:12
超级车手,情**8,初级版(50个宝贝),3个月,2013-05-29 01:19:30
超级车手,a**1,夏季特惠(50个宝贝),3个月,2013-05-29 13:03:40
超级车手,晨**司,夏季特惠(50个宝贝),3个月,2013-05-29 21:03:51
超级车手,5**a,夏季特惠(50个宝贝),3个月,2013-05-29 11:31:01
超级车手,潘**其,夏季特惠(50个宝贝),3个月,2013-05-29 17:36:36
超级车手,儒**饰,初级版(50个宝贝),3个月,2013-05-29 12:00:01
超级车手,芝**朵,初级版(50个宝贝),3个月,2013-05-29 11:06:20
超级车手,l**0,夏季特惠(50个宝贝),1个月,2013-05-29 16:07:15
超级车手,悦**店,夏季特惠(50个宝贝),3个月,2013-05-29 11:06:45
超级车手,数**店,夏季特惠(50个宝贝),3个月,2013-05-29 11:01:48
超级车手,a**6,夏季特惠(50个宝贝),3个月,2013-05-29 23:26:53
超级车手,戈**王,夏季特惠(50个宝贝),3个月,2013-05-29 11:12:59
超级车手,馨**0,夏季特惠(50个宝贝),3个月,2013-05-29 08:01:36
超级车手,啊**店,夏季特惠(50个宝贝),3个月,2013-05-29 15:47:18
超级车手,宏**园,夏季特惠(50个宝贝),3个月,2013-05-29 10:14:16
超级车手,电**行,夏季特惠(50个宝贝),3个月,2013-05-29 18:07:50
超级车手,库**店,夏季特惠(50个宝贝),3个月,2013-05-29 12:42:10
超级车手,库**店,夏季特惠(50个宝贝),1个月,2013-05-29 12:46:37
超级车手,自**头,夏季特惠(50个宝贝),1个月,2013-05-29 13:11:56
超级车手,h**u,高级版(150个宝贝),3个月,2013-05-29 11:45:42
超级车手,z**3,夏季特惠(50个宝贝),1个月,2013-05-29 20:16:14
超级车手,恍**梦,高级版(150个宝贝),1个月,2013-05-29 22:12:20
超级车手,逝**9,高级版(150个宝贝),3个月,2013-05-29 16:11:59
超级车手,山**贸,夏季特惠(50个宝贝),3个月,2013-05-29 15:02:38
超级车手,曼**坊,夏季特惠(50个宝贝),1个月,2013-05-29 16:01:22
超级车手,酷**1,初级版(50个宝贝),3个月,2013-05-29 13:05:26
超级车手,好**1,夏季特惠(50个宝贝),3个月,2013-05-29 20:50:23
超级车手,恋**3,夏季特惠(50个宝贝),3个月,2013-05-29 12:30:23
超级车手,天**铺,夏季特惠(50个宝贝),3个月,2013-05-29 18:55:23
超级车手,倾**主,夏季特惠(50个宝贝),1个月,2013-05-29 15:01:23
超级车手,伊**私,夏季特惠(50个宝贝),3个月,2013-05-29 12:16:43
超级车手,t**4,高级版(150个宝贝),3个月,2013-05-29 14:43:03
超级车手,c**店,初级版(50个宝贝),1年,2013-05-29 14:02:23
超级车手,尚**0,夏季特惠(50个宝贝),3个月,2013-05-29 10:47:17
超级车手,柠**店,夏季特惠(50个宝贝),1个月,2013-05-29 22:06:20
超级车手,浩**店,高级版(150个宝贝),1个月,2013-05-29 14:44:12
超级车手,w**1,夏季特惠(50个宝贝),3个月,2013-05-29 10:13:22
超级车手,w**泡,夏季特惠(50个宝贝),3个月,2013-05-29 23:19:22
超级车手,欧**斯,夏季特惠(50个宝贝),3个月,2013-05-29 21:08:35
超级车手,琪**0,夏季特惠(50个宝贝),1个月,2013-05-29 21:32:00
超级车手,菲**店,夏季特惠(50个宝贝),3个月,2013-05-29 19:09:54
超级车手,凡**8,夏季特惠(50个宝贝),3个月,2013-05-29 14:21:57
超级车手,萧**坤,夏季特惠(50个宝贝),3个月,2013-05-29 09:54:07
超级车手,l**8,初级版(50个宝贝),3个月,2013-05-29 13:22:00
超级车手,旋**影,夏季特惠(50个宝贝),3个月,2013-05-29 11:03:55
超级车手,太**书,初级版(50个宝贝),3个月,2013-05-29 21:18:19
超级车手,小**成,夏季特惠(50个宝贝),3个月,2013-05-29 10:35:59
超级车手,飞**泪,夏季特惠(50个宝贝),3个月,2013-05-29 14:30:39
超级车手,b**3,夏季特惠(50个宝贝),3个月,2013-05-29 11:33:38
超级车手,居**饰,夏季特惠(50个宝贝),3个月,2013-05-29 19:35:33
超级车手,时**o,夏季特惠(50个宝贝),3个月,2013-05-29 15:44:59
超级车手,敬**士,夏季特惠(50个宝贝),1个月,2013-05-29 20:02:14
超级车手,智**店,初级版(50个宝贝),3个月,2013-05-29 20:55:00
超级车手,阳**砖,夏季特惠(50个宝贝),3个月,2013-05-29 22:45:34
超级车手,a**u,夏季特惠(50个宝贝),3个月,2013-05-29 19:34:59
超级车手,一**1,初级版(50个宝贝),3个月,2013-05-29 19:22:16
超级车手,z**2,夏季特惠(50个宝贝),3个月,2013-05-29 13:51:10
超级车手,琪**0,夏季特惠(50个宝贝),3个月,2013-05-29 21:23:04
超级车手,林**6,夏季特惠(50个宝贝),3个月,2013-05-29 14:06:10
超级车手,宜**店,夏季特惠(50个宝贝),3个月,2013-05-29 13:51:07
超级车手,z**7,夏季特惠(50个宝贝),3个月,2013-05-29 20:34:27
超级车手,点**店,初级版(50个宝贝),3个月,2013-05-29 10:49:28
超级车手,t**8,初级版(50个宝贝),3个月,2013-05-29 20:45:52
超级车手,凡**8,夏季特惠(50个宝贝),1个月,2013-05-29 14:42:28
超级车手,菲**店,夏季特惠(50个宝贝),1个月,2013-05-29 20:44:20
超级车手,z**6,初级版(50个宝贝),3个月,2013-05-29 11:56:15
超级车手,小**5,夏季特惠(50个宝贝),3个月,2013-05-29 22:29:07
超级车手,加**衣,夏季特惠(50个宝贝),3个月,2013-05-29 12:12:27
超级车手,淘**裁,夏季特惠(50个宝贝),3个月,2013-05-29 22:11:43
超级车手,圣**f,夏季特惠(50个宝贝),3个月,2013-05-29 13:19:20
超级车手,w**6,夏季特惠(50个宝贝),3个月,2013-05-29 11:22:48
超级车手,女**装,夏季特惠(50个宝贝),3个月,2013-05-29 11:42:01
超级车手,夏**波,夏季特惠(50个宝贝),3个月,2013-05-29 12:46:54
超级车手,小**当,高级版(150个宝贝),1个月,2013-05-29 08:22:34
超级车手,伊**线,夏季特惠(50个宝贝),1个月,2013-05-29 22:54:01
超级车手,m**7,夏季特惠(50个宝贝),3个月,2013-05-29 12:22:03
超级车手,p**店,初级版(50个宝贝),3个月,2013-05-29 14:00:59
超级车手,c**8,夏季特惠(50个宝贝),3个月,2013-05-29 00:55:47
超级车手,m**1,夏季特惠(50个宝贝),3个月,2013-05-29 10:26:03
超级车手,叶**a,夏季特惠(50个宝贝),3个月,2013-05-29 12:02:25
超级车手,a**h,初级版(50个宝贝),3个月,2013-05-29 21:01:41
超级车手,臭**宝,高级版(150个宝贝),3个月,2013-05-29 18:07:45
超级车手,转**j,夏季特惠(50个宝贝),3个月,2013-05-29 23:16:14
超级车手,奢**店,夏季特惠(50个宝贝),3个月,2013-05-29 16:11:49
超级车手,h**n,夏季特惠(50个宝贝),3个月,2013-05-29 12:12:49
超级车手,嫒**宝,夏季特惠(50个宝贝),3个月,2013-05-29 14:39:53
超级车手,l**6,夏季特惠(50个宝贝),3个月,2013-05-29 10:21:46
超级车手,贝**特,夏季特惠(50个宝贝),3个月,2013-05-29 22:05:49
超级车手,衣**域,高级版(150个宝贝),3个月,2013-05-29 18:35:44
超级车手,超**5,夏季特惠(50个宝贝),3个月,2013-05-29 16:12:14
超级车手,j**9,初级版(50个宝贝),3个月,2013-05-29 22:06:32
超级车手,l**0,夏季特惠(50个宝贝),3个月,2013-05-29 16:05:59
超级车手,l**9,夏季特惠(50个宝贝),3个月,2013-05-29 13:47:27
超级车手,w**r,夏季特惠(50个宝贝),3个月,2013-05-29 09:47:35
超级车手,t**5,初级版(50个宝贝),3个月,2013-05-29 22:57:44
超级车手,时**y,初级版(50个宝贝),3个月,2013-05-29 17:06:46
超级车手,h**2,夏季特惠(50个宝贝),3个月,2013-05-29 05:43:59
超级车手,z**3,夏季特惠(50个宝贝),3个月,2013-05-29 19:50:21
超级车手,a**4,高级版(150个宝贝),1个月,2013-05-29 15:34:46
超级车手,天**装,初级版(50个宝贝),3个月,2013-05-29 12:49:58
超级车手,3**i,夏季特惠(50个宝贝),3个月,2013-05-29 12:52:05
超级车手,新**8,初级版(50个宝贝),3个月,2013-05-29 18:57:40
超级车手,c**1,夏季特惠(50个宝贝),1个月,2013-05-29 20:36:06
超级车手,k**s,夏季特惠(50个宝贝),3个月,2013-05-29 19:10:02
超级车手,玉**行,高级版(150个宝贝),3个月,2013-05-29 20:13:07
超级车手,l**7,夏季特惠(50个宝贝),1个月,2013-05-29 19:37:20
超级车手,y**8,夏季特惠(50个宝贝),1个月,2013-05-29 20:56:10
超级车手,鑫**8,夏季特惠(50个宝贝),3个月,2013-05-29 14:25:51
超级车手,婷**丝,夏季特惠(50个宝贝),6个月,2013-05-29 17:24:03
超级车手,c**5,夏季特惠(50个宝贝),3个月,2013-05-29 23:19:40
超级车手,單眼披2954,夏季特惠(50个宝贝),3个月,2013-05-29 14:35:01
超级车手,c**7,夏季特惠(50个宝贝),3个月,2013-05-29 11:27:53
超级车手,妈**馆,夏季特惠(50个宝贝),1个月,2013-05-29 20:51:56
超级车手,花**紫,高级版(150个宝贝),1年,2013-05-29 12:45:04
超级车手,汽**销,夏季特惠(50个宝贝),3个月,2013-05-29 23:40:36
超级车手,c**h,夏季特惠(50个宝贝),3个月,2013-05-29 16:43:36
超级车手,锋**装,高级版(150个宝贝),6个月,2013-05-29 11:58:52
超级车手,m**1,初级版(50个宝贝),3个月,2013-05-29 17:08:08
超级车手,叶**a,夏季特惠(50个宝贝),1个月,2013-05-29 12:09:48
超级车手,陶**0,夏季特惠(50个宝贝),3个月,2013-05-29 11:01:59
超级车手,蓝**0,夏季特惠(50个宝贝),3个月,2013-05-29 12:28:45
超级车手,恍**梦,高级版(150个宝贝),3个月,2013-05-29 21:48:09
超级车手,5**c,夏季特惠(50个宝贝),3个月,2013-05-29 14:50:35
超级车手,h**g,夏季特惠(50个宝贝),3个月,2013-05-29 16:53:00
超级车手,z**7,夏季特惠(50个宝贝),1个月,2013-05-29 20:54:54
超级车手,前**5,夏季特惠(50个宝贝),1个月,2013-05-29 16:54:03
超级车手,妈**馆,夏季特惠(50个宝贝),3个月,2013-05-29 10:43:42
超级车手,s**7,夏季特惠(50个宝贝),1个月,2013-05-29 22:45:00
超级车手,好**9,夏季特惠(50个宝贝),3个月,2013-05-29 18:59:23
超级车手,诚**8,夏季特惠(50个宝贝),1个月,2013-05-29 13:21:40
超级车手,花样心意坊,夏季特惠(50个宝贝),3个月,2013-05-29 22:02:01
超级车手,y**5,夏季特惠(50个宝贝),3个月,2013-05-29 02:19:29
超级车手,羽**衣,夏季特惠(50个宝贝),3个月,2013-05-29 14:07:19
超级车手,p**3,初级版(50个宝贝),3个月,2013-05-29 18:27:00
超级车手,q**9,初级版(50个宝贝),3个月,2013-05-29 23:28:06
超级车手,花**0,高级版(150个宝贝),3个月,2013-05-29 11:24:03
超级车手,荷**鸟,夏季特惠(50个宝贝),3个月,2013-05-29 14:42:38
超级车手,x**g,夏季特惠(50个宝贝),3个月,2013-05-29 17:35:09
超级车手,郁**露,夏季特惠(50个宝贝),3个月,2013-05-29 10:00:11
超级车手,x**1,夏季特惠(50个宝贝),3个月,2013-05-29 15:22:17
超级车手,t**1,夏季特惠(50个宝贝),3个月,2013-05-29 20:17:58
超级车手,q**佳,夏季特惠(50个宝贝),3个月,2013-05-29 19:48:29
超级车手,g**a,初级版(50个宝贝),3个月,2013-05-29 23:16:48
超级车手,走**城,夏季特惠(50个宝贝),3个月,2013-05-29 10:15:39
超级车手,恋**3,夏季特惠(50个宝贝),1个月,2013-05-29 12:42:14
超级车手,a**o,夏季特惠(50个宝贝),3个月,2013-05-29 14:56:44
超级车手,w**b,高级版(150个宝贝),1个月,2013-05-29 13:28:48
超级车手,李**1,初级版(50个宝贝),3个月,2013-05-29 17:15:11
超级车手,單**4,夏季特惠(50个宝贝),1个月,2013-05-29 14:43:52
超级车手,c**1,初级版(50个宝贝),3个月,2013-05-29 15:22:00
超级车手,天**店,初级版(50个宝贝),3个月,2013-05-29 16:03:01
超级车手,m**4,高级版(150个宝贝),3个月,2013-05-29 14:05:56
超级车手,梦**鞋,夏季特惠(50个宝贝),3个月,2013-05-29 11:46:11
超级车手,利**饰,初级版(50个宝贝),3个月,2013-05-29 09:59:51
超级车手,瑞**店,高级版(150个宝贝),3个月,2013-05-29 19:20:16
超级车手,3**i,夏季特惠(50个宝贝),1个月,2013-05-29 13:05:50
超级车手,f**店,初级版(50个宝贝),3个月,2013-05-29 15:18:02
超级车手,卡**店,夏季特惠(50个宝贝),3个月,2013-05-29 09:44:52
超级车手,思**友,初级版(50个宝贝),3个月,2013-05-29 13:41:12
超级车手,茵**店,高级版(150个宝贝),1个月,2013-05-29 15:16:21
超级车手,kanebohua,初级版(50个宝贝),3个月,2013-05-29 14:56:49
超级车手,敬**士,夏季特惠(50个宝贝),3个月,2013-05-29 19:49:21
超级车手,r**渔,初级版(50个宝贝),3个月,2013-05-29 20:06:47
超级车手,自**头,夏季特惠(50个宝贝),3个月,2013-05-29 12:34:04
超级车手,回**黎,夏季特惠(50个宝贝),3个月,2013-05-29 08:38:21
超级车手,2**z,初级版(50个宝贝),3个月,2013-05-29 13:17:24
超级车手,c**3,夏季特惠(50个宝贝),3个月,2013-05-29 20:40:18
超级车手,小**发,夏季特惠(50个宝贝),3个月,2013-05-29 07:45:15
超级车手,a**3,高级版(150个宝贝),1年,2013-05-29 19:03:32
超级车手,思**店,初级版(50个宝贝),3个月,2013-05-29 16:46:40
超级车手,伊**线,夏季特惠(50个宝贝),3个月,2013-05-29 22:53:07
超级车手,燕**柠,夏季特惠(50个宝贝),3个月,2013-05-29 15:13:29
超级车手,小**0,夏季特惠(50个宝贝),3个月,2013-05-29 16:08:17
超级车手,自**店,高级版(150个宝贝),3个月,2013-05-29 17:40:41
超级车手,潮流阿咪,夏季特惠(50个宝贝),3个月,2013-05-29 18:04:02
超级车手,s**7,夏季特惠(50个宝贝),3个月,2013-05-29 22:05:45
超级车手,羽**贝,夏季特惠(50个宝贝),3个月,2013-05-29 20:58:01
超级车手,龙**店,夏季特惠(50个宝贝),3个月,2013-05-29 13:45:14
超级车手,h**i,高级版(150个宝贝),1个月,2013-05-29 14:02:17
超级车手,吴**0,夏季特惠(50个宝贝),3个月,2013-05-29 17:07:15
超级车手,j**0,夏季特惠(50个宝贝),3个月,2013-05-29 15:10:48
超级车手,天**4,初级版(50个宝贝),3个月,2013-05-29 21:58:41
超级车手,笑**裳,高级版(150个宝贝),3个月,2013-05-29 21:13:06
超级车手,孤**9,夏季特惠(50个宝贝),3个月,2013-05-29 17:15:33
超级车手,小**成,夏季特惠(50个宝贝),1个月,2013-05-29 13:13:19
超级车手,蓝**店,夏季特惠(50个宝贝),3个月,2013-05-29 20:48:34
超级车手,x**6,初级版(50个宝贝),3个月,2013-05-29 18:18:21
超级车手,h**g,初级版(50个宝贝),3个月,2013-05-29 15:38:58
超级车手,4**燕,初级版(50个宝贝),3个月,2013-05-29 10:35:50
超级车手,d**g,夏季特惠(50个宝贝),6个月,2013-05-29 11:25:22
超级车手,o**2,夏季特惠(50个宝贝),1个月,2013-05-29 21:35:38
超级车手,爱**玛,夏季特惠(50个宝贝),3个月,2013-05-29 10:15:02
超级车手,c**1,夏季特惠(50个宝贝),3个月,2013-05-29 23:48:13
超级车手,温**业,夏季特惠(50个宝贝),3个月,2013-05-29 23:05:59
超级车手,罗**店,初级版(50个宝贝),3个月,2013-05-29 22:37:29
超级车手,w**a,高级版(150个宝贝),3个月,2013-05-29 00:50:27
超级车手,嘟**瓜,夏季特惠(50个宝贝),3个月,2013-05-29 12:16:27
超级车手,c**4,夏季特惠(50个宝贝),3个月,2013-05-29 08:34:23
超级车手,程**9,夏季特惠(50个宝贝),3个月,2013-05-29 14:07:46
超级车手,品**0,夏季特惠(50个宝贝),3个月,2013-05-29 20:46:30
超级车手,o**2,夏季特惠(50个宝贝),3个月,2013-05-29 21:13:31
超级车手,尚**坊,夏季特惠(50个宝贝),3个月,2013-05-29 08:28:46
超级车手,c**0,夏季特惠(50个宝贝),3个月,2013-05-29 12:17:06
超级车手,3**8,初级版(50个宝贝),3个月,2013-05-29 16:17:29
