lgw612429,2013-05-06,2013-06-06,选词王,http://shopsearch.taobao.com/search?q=lgw612429,新订,199,订购使用中,每日更新,lgw612429_选词王_2013-06-06
沙滩0007,2013-05-06,2013-08-06,选词王,http://shopsearch.taobao.com/search?q=沙滩0007,升级,217,订购使用中,每日更新,沙滩0007_选词王_2013-08-06
lotusmann,2013-05-06,2013-08-06,选词王,http://shopsearch.taobao.com/search?q=lotusmann,新订,60,订购使用中,每日更新,lotusmann_选词王_2013-08-06
悠扬鸟旗舰店,2013-05-06,2013-08-06,选词王,http://shopsearch.taobao.com/search?q=悠扬鸟旗舰店,新订,299,订购使用中,每日更新,悠扬鸟旗舰店_选词王_2013-08-06
天翔223669726,2013-05-06,2013-06-06,选词王,http://shopsearch.taobao.com/search?q=天翔223669726,新订,199,订购使用中,每日更新,天翔223669726_选词王_2013-06-06
lihuizi0308,2013-05-06,2013-08-06,选词王,http://shopsearch.taobao.com/search?q=lihuizi0308,升级,239,订购使用中,每日更新,lihuizi0308_选词王_2013-08-06
gj_yg,2013-05-06,2013-06-06,选词王,http://shopsearch.taobao.com/search?q=gj_yg,新订,60,订购使用中,每日更新,gj_yg_选词王_2013-06-06
正版麦兜猪猪,2013-05-06,2013-08-06,选词王,http://shopsearch.taobao.com/search?q=正版麦兜猪猪,新订,60,订购使用中,每日更新,正版麦兜猪猪_选词王_2013-08-06
嘟嘟女人坊1,2013-05-06,2013-08-06,选词王,http://shopsearch.taobao.com/search?q=嘟嘟女人坊1,升级,159,订购使用中,每日更新,嘟嘟女人坊1_选词王_2013-08-06
小不点1214,2013-05-06,2013-08-06,选词王,http://shopsearch.taobao.com/search?q=小不点1214,新订,90,订购使用中,每日更新,小不点1214_选词王_2013-08-06
lihuizi0308,2013-05-06,2013-08-06,选词王,http://shopsearch.taobao.com/search?q=lihuizi0308,新订,60,订购使用中,每日更新,lihuizi0308_选词王_2013-08-06
缘分吖亲,2013-05-06,2013-08-06,选词王,http://shopsearch.taobao.com/search?q=缘分吖亲,新订,90,订购使用中,每日更新,缘分吖亲_选词王_2013-08-06
冰火玫瑰888,2013-05-06,2013-06-06,选词王,http://shopsearch.taobao.com/search?q=冰火玫瑰888,新订,20,订购使用中,每日更新,冰火玫瑰888_选词王_2013-06-06
衣品阁大码女装,2013-05-06,2013-08-06,选词王,http://shopsearch.taobao.com/search?q=衣品阁大码女装,新订,299,订购使用中,每日更新,衣品阁大码女装_选词王_2013-08-06
捷易通自动充值服务,2013-05-06,2013-08-06,选词王,http://shopsearch.taobao.com/search?q=捷易通自动充值服务,新订,60,订购使用中,每日更新,捷易通自动充值服务_选词王_2013-08-06
西子湖畔雪,2013-05-06,2013-06-06,选词王,http://shopsearch.taobao.com/search?q=西子湖畔雪,新订,20,订购使用中,每日更新,西子湖畔雪_选词王_2013-06-06
lymlmf,2013-05-06,2013-08-06,选词王,http://shopsearch.taobao.com/search?q=lymlmf,新订,299,订购使用中,每日更新,lymlmf_选词王_2013-08-06
杨美娅88,2013-05-06,2013-08-06,选词王,http://shopsearch.taobao.com/search?q=杨美娅88,新订,90,订购使用中,每日更新,杨美娅88_选词王_2013-08-06
ac608,2013-05-06,2013-08-06,选词王,http://shopsearch.taobao.com/search?q=ac608,新订,90,订购使用中,每日更新,ac608_选词王_2013-08-06
广州汤姆莉莉,2013-05-06,2013-08-06,选词王,http://shopsearch.taobao.com/search?q=广州汤姆莉莉,新订,60,订购使用中,每日更新,广州汤姆莉莉_选词王_2013-08-06
quanxsh72,2013-05-06,2013-08-06,选词王,http://shopsearch.taobao.com/search?q=quanxsh72,新订,299,订购使用中,每日更新,quanxsh72_选词王_2013-08-06
信誉_衣馆,2013-05-06,2013-06-06,选词王,http://shopsearch.taobao.com/search?q=信誉_衣馆,新订,60,订购使用中,每日更新,信誉_衣馆_选词王_2013-06-06
老蔡皮匠旗舰店,2013-05-06,2013-06-06,选词王,http://shopsearch.taobao.com/search?q=老蔡皮匠旗舰店,新订,20,订购使用中,每日更新,老蔡皮匠旗舰店_选词王_2013-06-06
深山好吃嘴,2013-05-06,2013-06-06,选词王,http://shopsearch.taobao.com/search?q=深山好吃嘴,新订,199,订购使用中,每日更新,深山好吃嘴_选词王_2013-06-06
御诚贸易,2013-05-06,2013-08-06,选词王,http://shopsearch.taobao.com/search?q=御诚贸易,新订,60,订购使用中,每日更新,御诚贸易_选词王_2013-08-06
德国凯驰直营店,2013-05-06,2013-06-06,选词王,http://shopsearch.taobao.com/search?q=德国凯驰直营店,新订,60,订购使用中,每日更新,德国凯驰直营店_选词王_2013-06-06
米佩阁,2013-05-06,2013-06-06,选词王,http://shopsearch.taobao.com/search?q=米佩阁,新订,199,订购使用中,每日更新,米佩阁_选词王_2013-06-06
pakeyandou,2013-05-06,2013-08-06,选词王,http://shopsearch.taobao.com/search?q=pakeyandou,新订,90,订购使用中,每日更新,pakeyandou_选词王_2013-08-06
aibfqpxf,2013-05-06,2013-06-06,选词王,http://shopsearch.taobao.com/search?q=aibfqpxf,新订,199,订购使用中,每日更新,aibfqpxf_选词王_2013-06-06
tymeinv,2013-05-06,2013-08-06,选词王,http://shopsearch.taobao.com/search?q=tymeinv,新订,60,订购使用中,每日更新,tymeinv_选词王_2013-08-06
小雨露童装,2013-05-06,2013-08-06,选词王,http://shopsearch.taobao.com/search?q=小雨露童装,新订,60,订购使用中,每日更新,小雨露童装_选词王_2013-08-06
wenyu200312,2013-05-06,2013-06-06,选词王,http://shopsearch.taobao.com/search?q=wenyu200312,新订,20,订购使用中,每日更新,wenyu200312_选词王_2013-06-06
可爱淘668,2013-05-06,2013-06-06,选词王,http://shopsearch.taobao.com/search?q=可爱淘668,新订,60,订购使用中,每日更新,可爱淘668_选词王_2013-06-06
wbzxfpays,2013-05-06,2013-08-06,选词王,http://shopsearch.taobao.com/search?q=wbzxfpays,新订,60,订购使用中,每日更新,wbzxfpays_选词王_2013-08-06
鑫磊男装,2013-05-06,2013-06-06,选词王,http://shopsearch.taobao.com/search?q=鑫磊男装,新订,20,订购使用中,每日更新,鑫磊男装_选词王_2013-06-06
上海棉老板家纺,2013-05-06,2013-08-06,选词王,http://shopsearch.taobao.com/search?q=上海棉老板家纺,新订,299,订购使用中,每日更新,上海棉老板家纺_选词王_2013-08-06
hujieyyg,2013-05-06,2013-08-06,选词王,http://shopsearch.taobao.com/search?q=hujieyyg,新订,299,订购使用中,每日更新,hujieyyg_选词王_2013-08-06
明霖外贸,2013-05-06,2013-08-06,选词王,http://shopsearch.taobao.com/search?q=明霖外贸,新订,90,订购使用中,每日更新,明霖外贸_选词王_2013-08-06
俏伊人精品服饰8,2013-05-06,2013-08-06,选词王,http://shopsearch.taobao.com/search?q=俏伊人精品服饰8,新订,60,订购使用中,每日更新,俏伊人精品服饰8_选词王_2013-08-06
诺威纳旗舰店,2013-05-06,2013-08-06,选词王,http://shopsearch.taobao.com/search?q=诺威纳旗舰店,升级,0,订购使用中,每日更新,诺威纳旗舰店_选词王_2013-08-06
千纤草化妆品旗舰店,2013-05-06,2013-08-06,选词王,http://shopsearch.taobao.com/search?q=千纤草化妆品旗舰店,新订,299,订购使用中,每日更新,千纤草化妆品旗舰店_选词王_2013-08-06
aosiman旗舰店,2013-05-06,2013-06-06,选词王,http://shopsearch.taobao.com/search?q=aosiman旗舰店,新订,199,订购使用中,每日更新,aosiman旗舰店_选词王_2013-06-06
bzdqq,2013-05-06,2013-08-06,选词王,http://shopsearch.taobao.com/search?q=bzdqq,新订,60,订购使用中,每日更新,bzdqq_选词王_2013-08-06
laikediy,2013-05-06,2013-08-06,选词王,http://shopsearch.taobao.com/search?q=laikediy,新订,60,订购使用中,每日更新,laikediy_选词王_2013-08-06
炫彩秀霓裳,2013-05-06,2013-08-06,选词王,http://shopsearch.taobao.com/search?q=炫彩秀霓裳,新订,60,订购使用中,每日更新,炫彩秀霓裳_选词王_2013-08-06
韩都衣库,2013-05-06,2013-08-06,选词王,http://shopsearch.taobao.com/search?q=韩都衣库,新订,60,订购使用中,每日更新,韩都衣库_选词王_2013-08-06
飞扬的飞帆,2013-05-06,2013-06-06,选词王,http://shopsearch.taobao.com/search?q=飞扬的飞帆,新订,60,订购使用中,每日更新,飞扬的飞帆_选词王_2013-06-06
纯男社时尚馆,2013-05-06,2013-08-06,选词王,http://shopsearch.taobao.com/search?q=纯男社时尚馆,升级,240,订购使用中,每日更新,纯男社时尚馆_选词王_2013-08-06
伦西亚旗舰店,2013-05-06,2013-08-06,选词王,http://shopsearch.taobao.com/search?q=伦西亚旗舰店,新订,60,订购使用中,每日更新,伦西亚旗舰店_选词王_2013-08-06
丝光棉之家,2013-05-06,2013-08-06,选词王,http://shopsearch.taobao.com/search?q=丝光棉之家,新订,299,订购使用中,每日更新,丝光棉之家_选词王_2013-08-06
腾越琼玉翡翠坊,2013-05-06,2013-08-06,选词王,http://shopsearch.taobao.com/search?q=腾越琼玉翡翠坊,新订,60,订购使用中,每日更新,腾越琼玉翡翠坊_选词王_2013-08-06
svni旗舰店,2013-05-06,2013-06-06,选词王,http://shopsearch.taobao.com/search?q=svni旗舰店,新订,199,订购使用中,每日更新,svni旗舰店_选词王_2013-06-06
kinshao320178,2013-05-06,2013-08-06,选词王,http://shopsearch.taobao.com/search?q=kinshao320178,新订,299,订购使用中,每日更新,kinshao320178_选词王_2013-08-06
红桃儿168,2013-05-06,2013-08-06,选词王,http://shopsearch.taobao.com/search?q=红桃儿168,新订,299,订购使用中,每日更新,红桃儿168_选词王_2013-08-06
李镜春,2013-05-06,2013-08-06,选词王,http://shopsearch.taobao.com/search?q=李镜春,升级,269,订购使用中,每日更新,李镜春_选词王_2013-08-06
佳美流行馆,2013-05-06,2013-08-06,选词王,http://shopsearch.taobao.com/search?q=佳美流行馆,新订,60,订购使用中,每日更新,佳美流行馆_选词王_2013-08-06
乐途本本,2013-05-06,2013-06-06,选词王,http://shopsearch.taobao.com/search?q=乐途本本,新订,20,订购使用中,每日更新,乐途本本_选词王_2013-06-06
huanghs2013,2013-05-06,2013-06-06,选词王,http://shopsearch.taobao.com/search?q=huanghs2013,新订,199,订购使用中,每日更新,huanghs2013_选词王_2013-06-06
小麦韩版女装,2013-05-06,2013-06-06,选词王,http://shopsearch.taobao.com/search?q=小麦韩版女装,新订,199,订购使用中,每日更新,小麦韩版女装_选词王_2013-06-06
吴春武,2013-05-06,2013-08-06,选词王,http://shopsearch.taobao.com/search?q=吴春武,新订,299,订购使用中,每日更新,吴春武_选词王_2013-08-06
超敏杯业,2013-05-06,2013-08-06,选词王,http://shopsearch.taobao.com/search?q=超敏杯业,新订,60,订购使用中,每日更新,超敏杯业_选词王_2013-08-06
茜茜米娅,2013-05-06,2013-06-06,选词王,http://shopsearch.taobao.com/search?q=茜茜米娅,新订,60,订购使用中,每日更新,茜茜米娅_选词王_2013-06-06
朵以尚馆,2013-05-06,2013-06-06,选词王,http://shopsearch.taobao.com/search?q=朵以尚馆,新订,60,订购使用中,每日更新,朵以尚馆_选词王_2013-06-06
达达优品,2013-05-06,2013-06-06,选词王,http://shopsearch.taobao.com/search?q=达达优品,新订,60,订购使用中,每日更新,达达优品_选词王_2013-06-06
lysh200777,2013-05-06,2013-08-06,选词王,http://shopsearch.taobao.com/search?q=lysh200777,新订,60,订购使用中,每日更新,lysh200777_选词王_2013-08-06
qq00000your,2013-05-06,2013-06-06,选词王,http://shopsearch.taobao.com/search?q=qq00000your,新订,60,订购使用中,每日更新,qq00000your_选词王_2013-06-06
型男的秀场,2013-05-06,2013-06-06,选词王,http://shopsearch.taobao.com/search?q=型男的秀场,新订,60,订购使用中,每日更新,型男的秀场_选词王_2013-06-06
zhuoguijian1,2013-05-21,2013-08-21,选词王,http://shopsearch.taobao.com/search?q=zhuoguijian1,续订,299,订购使用中,每日更新,zhuoguijian1_选词王_2013-08-21
茶马古道9868,2013-05-06,2013-08-06,选词王,http://shopsearch.taobao.com/search?q=茶马古道9868,新订,60,订购使用中,每日更新,茶马古道9868_选词王_2013-08-06
dsjiezou旗舰店,2013-05-08,2013-08-08,选词王,http://shopsearch.taobao.com/search?q=dsjiezou旗舰店,续订,299,订购使用中,每日更新,dsjiezou旗舰店_选词王_2013-08-08
北京骆驼,2013-05-06,2013-08-06,选词王,http://shopsearch.taobao.com/search?q=北京骆驼,新订,299,订购使用中,每日更新,北京骆驼_选词王_2013-08-06
梅兰雪99,2013-05-06,2013-08-06,选词王,http://shopsearch.taobao.com/search?q=梅兰雪99,新订,60,订购使用中,每日更新,梅兰雪99_选词王_2013-08-06
